-- MariaDB dump 10.18  Distrib 10.4.17-MariaDB, for Win64 (AMD64)
--
-- Host: localhost    Database: greenmart_taufik_hidayah
-- ------------------------------------------------------
-- Server version	10.4.17-MariaDB

/*!40101 SET @OLD_CHARACTER_SET_CLIENT=@@CHARACTER_SET_CLIENT */;
/*!40101 SET @OLD_CHARACTER_SET_RESULTS=@@CHARACTER_SET_RESULTS */;
/*!40101 SET @OLD_COLLATION_CONNECTION=@@COLLATION_CONNECTION */;
/*!40101 SET NAMES utf8mb4 */;
/*!40103 SET @OLD_TIME_ZONE=@@TIME_ZONE */;
/*!40103 SET TIME_ZONE='+00:00' */;
/*!40014 SET @OLD_UNIQUE_CHECKS=@@UNIQUE_CHECKS, UNIQUE_CHECKS=0 */;
/*!40014 SET @OLD_FOREIGN_KEY_CHECKS=@@FOREIGN_KEY_CHECKS, FOREIGN_KEY_CHECKS=0 */;
/*!40101 SET @OLD_SQL_MODE=@@SQL_MODE, SQL_MODE='NO_AUTO_VALUE_ON_ZERO' */;
/*!40111 SET @OLD_SQL_NOTES=@@SQL_NOTES, SQL_NOTES=0 */;

--
-- Table structure for table `taufik_barang`
--

DROP TABLE IF EXISTS `taufik_barang`;
/*!40101 SET @saved_cs_client     = @@character_set_client */;
/*!40101 SET character_set_client = utf8 */;
CREATE TABLE `taufik_barang` (
  `id_barang` int(3) NOT NULL AUTO_INCREMENT,
  `nama_brg` varchar(30) DEFAULT NULL,
  `kategori_brg` varchar(10) DEFAULT NULL,
  `harga` int(10) DEFAULT NULL,
  `desk_brg` varchar(100) DEFAULT NULL,
  `id_seller` int(2) DEFAULT NULL,
  `photo` longblob NOT NULL,
  `stok` int(3) NOT NULL,
  PRIMARY KEY (`id_barang`),
  KEY `id_seller` (`id_seller`),
  CONSTRAINT `taufik_barang_ibfk_1` FOREIGN KEY (`id_seller`) REFERENCES `taufik_seller` (`id_seller`)
) ENGINE=InnoDB AUTO_INCREMENT=17 DEFAULT CHARSET=utf8mb4;
/*!40101 SET character_set_client = @saved_cs_client */;

--
-- Dumping data for table `taufik_barang`
--

LOCK TABLES `taufik_barang` WRITE;
/*!40000 ALTER TABLE `taufik_barang` DISABLE KEYS */;
INSERT INTO `taufik_barang` VALUES (7,'Apel','Buah',3500,'Apel dari Majalaya nih boss',3,'\0JFIF\0\0`\0`\0\0\0C\0\0C\0\0\0\"\0\0\0\0\0\0\0\0\0\0\0\0	\n\0\0\0\0}\0!1AQa\"q2#BR$3br	\n\Z%&\'()*456789:CDEFGHIJSTUVWXYZcdefghijstuvwxyz\0\0\0\0\0\0\0\0	\n\0\0\0w\0!1AQaq\"2B	#3Rbr\n$4%\Z&\'()*56789:CDEFGHIJSTUVWXYZcdefghijstuvwxyz\0\0\0?\0Se,I8=~R?\\Sc!%IOQM\0\'W]\0?}\0-6w;h/h@}fz>~-.\0B2M߷oO?Q?Ə*Oj9\0ǚƋK\0MInݯ^O*Oh?Ʈ \0K_yKK_УITGs\057_\0AO^ʧ\'Q4yRwVяƋK\0f/m*yRwG\'Q5o_\0gh\rFogwJTGI[?O3\05AZKK_УITG(\0G}W$\0[5JQ\0{~ޟ\0S>Q_y7~Ĭ3߮=rq>jƀ>ASav#AMInݯ^o\0Xt?EB9\'__jq*/%?ƺ?7lwz\ZVc?-Q}]pv\0hw5\0[h{\0|AlyL>Oc޴M*d8e\0rsy\0_p{2LJy%O`2x>[M\0Cg8>ҙ\0aE\0&MWy~咨7Ҧ=\0WIH:0);S\0iG^n\'y-2@#T%s\"1VSN%:F˥OGoEoS-3KqISps\nN\\)a)QTRksu`~Q\nn$ӴνGD:N	U\0֙+fFW94J9o\'-&\">aFW!!s᫝dtb<:vT5M~~>6OSǌS҅;S~{jq\nH0;Oz`\0?znZ-vM\Z1Jœc)\n	;Qɮ!md`DS#k5J3)$x\rY\n.knUdQ|nq߅^ #,\"NC4a4<W(I1my\'`\0?@PdҶ+z~Jg??z<N.[UgmUSRTҩӝniۚ7<hXr}Ҥ+?´@Ё_}\0Js_uɢ\0_q+?#+s\0~4}տƋGM\0}Ǝك=Zn8Z[Vܽzq欥\'1s\Z-\07%<OUU\0lQ[e_4Qh\0ɿ/\0\0\0F^Tq\0|ֱ\'fq\0רdZI<#\0}?*+,Nq\'}?&?S?\0[-kc1	FǷ\0Z\0O]|CQ*GO\0֣?\0Z\0^u\0>rF<O6o3;v\0u2lV<vؚ~c\0xR3д=Iӵ\rUFֲy.Nius(ߵDdap_nѣ,MWJޚ=<ei{vs`l%̱nܱ8ɸRIE\'H7IO\r0״MTSItyG@yO[\\*{\0m6G}햚FZEmq3i6P[f/lYVS%\rkZ΍i(<+o]eiNɨk%QFi$_+GT\Z84;i|X-%Y,^tgy%iۇH?	&bSXS/e.VvZ֚=?Cqa/\'%`)ˈ3W{N1Tau,W*x~}VWڽӋ=2PQd\\ϱՋ_hkxG&,*xK}iq\\x.\r[VuIVRd֯U3Z\\--\Zzɩ4?ZΣm,\\iIgm<7ow,$Yh.-m̚2x&KvwjHzvC}$s&m	C{zbau5o~>7͡,~>)MTTU7xJ>;Yi\'ݟ9Ǆ\0kfp|gG\rF<*{JV+kkN]OПړkS	67\ZLv30wAnFI<̺\"d(w>8j>yM..Ni|\"lcY$i-lo\Z強)&#91Ӻ\'%W,c/nK\rۤ12حeY&}m5:Xi%KgP%wjtQl>c\Z!:g:\'jA^J\\G>p33|-0YՎaKrƿ9BT:=U7w9$ί@tq^Bf1}2A$a,rڣejEҤN8e\rqxjb%ΛYxQ/mSͱ鈓W7X+FFdd?v4	UB\'j+E\'\0z\rCp?[+I\r\nӺ攕z=lߗ\0.M_ey2gf8q\'կ%VTeXƔ^#t2R2H9\\:p@M?jy#\0Q\0^g\0_/C2Syz&?>O$t_j<\0}?96[]Y>y\n8_ouUbq{gtk74]v*Pڒ^OoQz\04Vَq\0R(\0}?>zyz>GBm^~ڕ\0\0\06\0Ug?\0O?\0\Zoٓߟ\0tePdPPHp\0:\'d3^TJڮ^\00һI%{-}7xc>\0}-d>WCig%,A\0,m#7R$c	snDKah#K[+74UJ*Y*1fl=?UHGWm=u=8:w;|bh9R(ZWz㶌ߘ{~5v^3Y1vHGlpq5Gc+Ú|eͼ.FWK|&U0<%.}\noCqarQZ)\"J#$Ō)iԝтt3E~\Zp_p\0ZeSKR9NZT\"&ӕI%;]#ggl5Hn-a^38g(\r_!uȿŔ\ri}5Vi%$xL?\\%B1Eγc%R1\"HAq`$X@`Uzuⷵ{>Y-{i\Zn&lDC)!cV_[:UN-_V-C,/O5S}K/h^w>aMyX&&N-mlf6\Zּ1܆edӍԬ&_\"v̵tx^{X]èS{=Vs\rޡK{}8jqL\nbX}w_b+;U70\\5gGQGD\'36mkm(IP?֥f$rser4أl4n\ZK`dɵn,JVJ\nM)ZꖶcdXjT*nU!eo{Y7/C=Մ3yi御ik̦yRemk(%\rǙV{?n.n)m/.:;K+O^ȰG\"E)V$vu{?:xVB6PT#i\rعd`tdHѴ;5䜤K\ru[BhC] {KukwceB>ڬaMFowzx;UytW׿?{+d燠pd?hYgs<6PX+fgajYXa]Vdb|\nq{3G|RG<8df5o>&E[eAHW( \r\n!PYXR8pA8pws_o9\0g0R|roug~Lz)&u:93Sc%mRRFϣKGϣK[Es\\>FW##9霪(KW$ӷ8TNKem}\0u便*ߟm}gIe\"\"pihۿ䧿GoҶ^9:TdQWG/ݗ\0DQ\0MQTQ\0\0?\0O?2pP֙vP=\0\Zo?!5gt]l\ZjAsHsKmM}MrE\\o,OɌ㧡\0\\7:0ݒ\"hVpO7\\a0.(wVQe\r|oOAWo{>\'[xJuXu;[Jۘ@K{SAw<]Y>ssZYM\ZK-iBruVO_&V}<\r_*Q*ؚ)a]\Z!*%hN\\dԚG|F.>\rG\Z]Η\r e$7Eٮ G&$ɟ;FP[t$Xsi}>\Zx\"d;&Kr}שjvZu$4cwzΚvX1AcEm_<RZd!ƾ,|o\ZwO=:6u=$CT\Zmz)\06q]5\\(2;5w?	d0weyZACK*J;_UJg{mQ]UX>1hn;}Fo/o\"1Zy.6ؖK颹;ybsW>7^,依$7:}:^=!O.ڌZn#Jb@Rmģ8o?	_\ZLGlZKbNl&);5o.n䶘KU?i_Qj+LzZbٯ}mAoJ]2Ͷ	-Le欫<.uqU3*ҍ;woKO#J?Gˌ1yKON#<oߒG`nW6:bd!q7\"H<ΎA5xuck1(sgppe+{y|Su8eԬez}Z`\0!}5Tѭob(oG?O,SItQIfM_*x5+fn[9eIp<cFR[ܯOEmLd^p1P֡\\ ,%+[G4-K~\ZPPOX}\r:x/\Zfb|Ɉy.62#ە,xOK:m*~Hȉ,.nMnZ{VM~%i\\jhmYmn\"0%3,yĒH(;<}21t7M2K+=&Wb2)͒Ve]q.jSKNw{XYcK^5kSZxoՂ*ntN(s4mk:FA,M<V=̷qqm#ߘX)2qE]\"1!_YεIdIR\ZBYդ֠ 2Ӵ{H}㥭V0Ŭ1	[l`!{	P?g\0HڭorEL7ẗ́Vl7&2oĖ )\'QU&qTxT?5WRI][kTmaqVa8(SVU}^u\Z2|j%EC	\0_><\n<*%ֺ٦hvCl{ȴ\0jQ6Aᙤy\0~k^.gi.ukBh΄6,>k\rÿ_|ͅ6jz&;6l|XaSͤeC]6{MrPOc1巷eKinKxK[ V\'I|)qXtQ,]JowF{/[u\03?Eox$2|>?VpY1xO.84%ҵ\0߰/MTlC*C\'<LJ1Km\\,[K_$P#\\iɤwC-MLeF\"HCguR_&csᗾK<Uqz}bKF[$/)$[voxzGcoDzܳ%hė\0h9H;uH[z\07_EUaiFWOsm[X{77n?3\0w?sVJ,ƔpOi]R7].wk7fTd1[C,p]An!UI Amer÷J?a5]J;kk+Ļ[IFmğ5ʟFYjwteGqf)NfUjcBmxo8U$by.[?ߋ	ON(rk(B,,\nXrL&ԧhsH/[\0\n<~ZG\0h\0L7$	rK[\'֪uukCSWM42~Ej\0C?M\\\0_?r\0K^O\0:(	>SV0;\0ƪ]Hc=1*gnn]v\\7זwjb5%wÛ}>M=[`]ͣ榶AGu;(HUކR\Z%G6z#SxCN5:\rr-5S\rP1Ő\'Y&\"zͭ^uL&	&Y[p a#\n-/ء3\0Ǎ#l|]őd\n0rsJkKRj39w}e;_:O,2(Tj`\\g>EJ|4O\\R[j7/u;>JE$u̒:ދ46>8miOD0O	5כ4WW_XdzfW6cI\0ImVݤ]\"DB/$KU 9v> .-	0\Z>S<y%U23)p;	c1\n;U^N\0CEajbc[h{Z{_$|X=_\Z8o;̶xg+i$uūȓ*|GI,/ZK\"p5ͤz.-j(ȋIeqCQ{hMh˽/X\Zsd:A!˅夵1O\nI\0|C?iOt[gyx{\\u	1\Z]yjrZHZ^+55*/>P*ɶ&~ż}pAO0Zm\Zsqi\'cZ<IJRne~վ/fYGQ=S=)Ԣ_imc/Ԯpះ?l{Bs}uZmgEHpf[kԻu[Pl|b~a욠&eSdOV]:$0XhvDAy,P	խJxfSRJjѾedaxgѯ-K=J^z>yNrImbkzGq=l1:c)$pqVR\r<ѳH]kT-F[söyz[6Z5;fVksx ^iD/h!<xPӴ˭B .-OLP&k(OțB\n|of{D%BqZJMmwiq	R_đ\"8K~e~˨G8博1=ZIj6tDQN1@96Ѡ2j-6tz$5};mgCs|0Oe\\VU\\w#T&5̓q|cϡ]C^8/	_rN}P@|@[㷚;+f\ZemBxGQ\097|f?x~(״MCQtM7HU֞{Z7ڄZyƲaˀf5#[kOyô-amL_6|s\0߇vzV8YeP+ݵTH\ZԺTH⹎rM\'ؚصp:GRNu4 SMis/8,L\0.1|/pm.*1/e_VZT(´*~\\t:E,5Ke{Ć0塍pk)q1Z6K+\";yYd{ᑯ-ϛ2/c.\'7k$9<Zx:Yxf[l4RKJmKLܛ3֒O\Z31h-|tE=g%ǧ3]Fe~!W&}o׽UƮ{ψ#͊۔o[QQM6\0Ct^cϨBֳK{qrl#\Z2$Gose\Z-i!r\"(P\n\03$OĞ\nݭeUu-\Z,rN34wĠ̸L>w4w2*M\nAnk	($vvV\nIǥteyRpj]W֯QJXԛQ+5ʴMZnbk>\0DM&ưJ!c{wehq	1@+YVlf!bx-;p@r.D̦\n,j>#QFP\n]	3TE#r&\'r~-24yӦ$D6=@ I`q?@q)f8]9)JP̥(Ǖ?,z~#8*ajέNJL4M|Pd&t۱\'zg=3^T||\0N\nʸqnGQZUܣNSӖ|P}nsQ\\Ꙧauڃ&YC\rMҌ#)$e{*q6b8㷽sz\'hSMuW8~?/Vի՜$S\0+o>\\η?O։;&ַߧw*$7\\}+v}8]|WjZQԠvd$uWtĩvJ^E2ccφ^/V%?&0dW[Erp	R!%r\"M=˱BK#dwzs]?g\0	uxn_x\\&>Ɵ0^)ⷜHAe_$\09v7SΰqtuA۾n]{i@/0g|\'_x8U4XaVqQg>dtѬKgwq$7+氍dD0m\0~Lׅ\"XLsmqo?%Yn#k6T.\\a!i+	ܴ2mk1ZC2$~ͽ\"ӂO,whp\nP<-<==6Un[StEg@]JkS2{J`)Ikkm:oٟO\r㾯<<#ʛݬ9N˵[=>L~=mn\r8E/0k:Uׅ.slZ}֙xW?vKu_[\0^QG}ö7s[\\i~$VM-\'V+-&Iź\Z\'V<\'>6ŖE;1qxHKQnoX端ڤTQo-OC[musΚ\0e[(.a:t7(X5BI\\ة^U	`\\?a,]?i^VJnnV-?ɟi_6\"nXWNoJ*mZ5}9;ɫ]}B!С Ѥ\0Wfԯ/,+{Ak\r:EYtճA3Z7>*鷷R\\^^kCMѯ!5JKK6}*K՛i?\\jw-mnX\Z-Qiٹ]i5;?(ڕil,094\0X%I\0nOR-94=&{fk_Vi40\0j1K jzuɻDjO~-wQo[&ۻ\0>Mө*ؗhNJQjֳZDA	4xjmKMVQ-JZe+[+pj|LMЁooJmD{\Zr[1\0Z4-<W֯4Qv7kyo4v\ZtbZXjq^Y[Z.Cb齛xS\0G ;@ζcDNR ˎ&*	m<מN[]o[\0gd%N\\PPrT9|֍ޗvInGo÷\r:amcr4(nûʕ\rqzn3\0yDț8*mVE@2Fwm>q^;Gi&Bnf!bbTG#~Rkk^;b@ۑfJ\"xT@d׭NN^WEsl0b2Շe\Z^m.TӔr7\0\'U!|][;-\rghvٗ,n6P44Zd	X3!ܐGhm*p&lQ4/IC\Z6\Z}c|dZ+dFI5|4ҮmHaoe`?/!A=Oa[\0#	$&_ݎbʭWe~gl36V\\Cw\"nSr3<{#)aAeSö)catZ\0-ywoyIoAVby7~aTx.Qhc\nFXϖyA<^;\nċr~0\Z=f;mE+%\0ns%Ypi(I=R}w;kE7\"HPyZ35L2lr;E&N,(ۥ~\"VڽϚOȶ!⯝Wwͬ	79vDtqYH|k׾F~k?kQ-cӬvM,XUC[5s	%Vkߒ2V{G޵ݶżu\\|6*1QLRqY\"\rud%O4mD\\λWʪ$S(`0YS 67 {\"E\n2N篵yw=#LשAXIav7=a|m#4RU[ٵ9*/>tߒhz)Qs}}>TʠZiaVr[Wm&앺y\0ZѠaz\0*X\'\r\\_ʶT\0*\0S?LdqM-֮\0+jߏ3h%evczr8>+kgZI3u]:Nty)\rAY\"]G$s¦DDIW]>Ӗۜ.сז#ӿ^3	IrH?ۏ=XRP\n˒Z\\tKvzC[s2+UfymHЯ(G8yӌItUړZ~%PZ_(PcU%Z=KMymK4v͇(ki!\rVq?ΐIkiunkyyFc>ͬ1YG\rc$yIAt8>[|խom.iѭZH\"]qET$@[#nx;S0,NC[MN3|5M)+Z>cRdxl-7c0t9UL*/UakSUr*%淅H\0s&]R-<y;	˚K.1q$P|UM,Y8~$_1Yǚ(nΩ%I$-x|(%9\Z%<T{?A	h>	I^ַKNl.[ז\0j%^Yfh4Xƫg4<Ao*Ⱥ+;\rhlrA-eCxZq7Jd=_ExWN\\[)f9_\nsbaAºfRg^2՟Qy_X7vc߻Yi7(|pa;Agq>aMknDuY \ry%hCwu4O-{@ƣoF$X.n!ȧ-PCac;-@7ǜo$[C6ӯ.r]l7U2*jr~omG{_^Qu)Ťjі--/\rwz$79їw&)2NN~\\gq=Xl\"kH1f3!>&-yBI%{+H)F,dMjCĶmI5Ӛ&TZܤGnhPۂibDj/淺Ad-c	Fa8_\r5i{-4VW{mE,>!}]5*vWjR\0es=[7vhq%Tbm␶8wEڕHVѭ!c\rRH-.<[;X-7\\@$XՁnZ=F9㳺\rbid!KhlJ2g6&Wrc_qY4dKvlԉA/br(RC\'*%iYj<Gd/yXr2ѡ)e)9ॊQtT[jgKZ9o<FX&1c-yUIcwզm\'j6@Cy@s\n3dkl$Xdy#	 1&eAWȞ\'y.\'I7m.-w?.zjGY82)55qtgE8Ÿw46NE\07(|c<=*M,e:҆\Zr)JJ;KyZDhEI/\"(dі]FpvW][e&fб^T:p-U]/KmkQ-_Ѭ|nC붌j$C,v+*\0c+_5kؚs#S3QŹ/zQk_W\0CqZ2PeE`ܚu!g.ks/u{淏ޥ1PHQO|Oy2Jƪ)DP%IsgaU1m\Z1Av$ɵA 瑀~x>ׇV(*A}:؟\0gpd8f&42)FpoԶM-JoNi/	ej|.J9S7,MG3{5,j)Jڒ\0@QHӑt#;ck*w9\'\'>Cl]g9&sj}]?7VS|N[mm{:\Z)\0|˺I-K|_j5}4A_Pp\04tQTJIŤO_/C/oOz_}bxUe%w$8Ұ40T\'9=qOZ\0g\nRoǯ?rbxr6^eOsy\"5O8wRFG3<ҫM\nr\rOqJV\0Յ\"r]}to]z|Gk\0jkdR4][ye*7{it@{Fq2Tִoxk][0\\i2Hd-Y,l]$#.t!J01\0>z_ivlo&k>lfp۞h½\'[Rv~\ZvգI*Iϻm\0F>KskcO=JeiUNe\0\n0wko{ LOeэݾk{F겘mc@UbIX]j*K4z47iBWK\"ͷP6!Q_u߳˽źA5>UI6A\\ˑ^-O].ncȲ*ڽH#}+;ءIV\n̦{V-+g\rkxYNNܪU%-n\0h8CsZI08*8l+*9<]8Sm&87oGKc\"hܱbs#;QdPq+խY-\ZO9#ĩ\Z*,\"RKO}#\0\0t%\04McY⻙,=R\\[>:\r&kX6IꚕW&)MZx%,W\\˞B.jҝ{-\0;u?l&ɰg\'r{IyrPPP:C\rkj;#Hm>eM+\"\\E$=عdaC##?P\0dq6P:42C(be=&3@8>GKҵ$G?$:D!@ѬӀD(Q6\nfr߫\rڣAp$iOu )asW\\%W\Z4UII9$Mj;}<>y_Y&\'Oqip\"YsEԣS1jT0d8Q\'_nYFkFu:g X̰BF7y{Y?qy5\0+e\0>o&H@X1h8#<zcU6>S/g\'\"ӌmI۲_{?*.S✥v1[Fr{3¶یiv߶ϧ~:SDJ1aǷ\0]\' hH\0C4Y\03_֤j{>~VzEv*^\0?la?=U\0:.zu\0jc[ddzMa?\0uU`\'#GLՄOʟͨg[IG$掠V]/տhpp>Nr_͒k\0>~b*7gr=\rRUX1U\'|t}\rO[q_տ~>e.#}{CMaԏY\0hOv;\0NQME={ۢ}o=/?3MTT?ifVqNGqVsJH\02_\0?UgW/ү\niǕ;ݗrkuI PGS>\0ϭr~\Z9Q߿>y\0?U@ҹ$(7W/[]ti(U˔\0+H$gQ\'  fpqӎy]d\0PӚ6z:oYFSS[Nj4nWUʚ_jt2J[6jH\0NJ64-\r914тyX{\0:kIXty]Jt\\OF>u\0n+;	)R5#:Ul>	XԵ8T\\KL\"h<UW$zb=:t1nq<?㷭W$\0,?<?.2Qo]ޝ-#/VrLezmʤ:%朡\Zpn\"=H&B*I=NIXty]W_Ⱦ\0O//[?7B_}/?IXtԜz\0ٍ\"<<^ڱп?Ɠ#Ʊ\0NFB\0ks\06V\0cN.t\0\Z%\0SY%8\0gks\07~ҿ񢱍;E?k}<<|Ǽ*Џ*[OҪ;cs[<~\0T{Z\0CW/?dg,ē\0Pf,r~2;z\0OKhOMR}F\ZWһ1ic\0x}4o>.\0=,yHҺ\'Zy\0?!bx8.\0=%j<?\0ZWS\0j_޿\0=O\0֩@;5R(z\0OKc\0x?W}F\Z_޿\0ǘ\05 p\05Oy\0?Ϸhz\0OKhOMR}F\Z_޿\0Ą]ǥCy\0?]\0ٸ8Q@ܐx\'7SE\0%Q@Q@Q@Q@Q@Q@Q@Q@Q@Q@',40),(8,'Jeruk','Buah',4000,'Jeruk Nih boyyy',3,'\0JFIF\0\0`\0`\0\0\0C\0\0C\0\0\0\"\0\0\0\0\0\0\0\0\0\0\0\0	\n\0\0\0\0}\0!1AQa\"q2#BR$3br	\n\Z%&\'()*456789:CDEFGHIJSTUVWXYZcdefghijstuvwxyz\0\0\0\0\0\0\0\0	\n\0\0\0w\0!1AQaq\"2B	#3Rbr\n$4%\Z&\'()*56789:CDEFGHIJSTUVWXYZcdefghijstuvwxyz\0\0\0?\0(\0*)2%𧲜\0UKUon[]c{l\0-Fy\'4Sj׳7VQ$ڌ\0e&{g9FkԜiuhx?Zosu\r+M ./nes vY6_|3ֵ}WWMj]v!4ӯWIQ\0rFLAj{k}eٗp(ؑ)!Cc>aeYxKt/4It7aͫE\"Yᗏ\"YmГLk!TWڮYRV3fQjpv/ml3\'S̜p5*JT)FFoWgҟM,.>i7pC%^ɜًu*7U|ڞ&v\Zk3>V$ૐ;ҺsBG<7֎+jhe$o	Ջokf&ZIfUMM$;_#B1S*~Nu<2$y-zO0Ū8f&X,4(5\'̒Ylu0Al6i\\VԦu#\rmS\'S=1m<nq5gk=7Pҗ\"&ԉaN9%}>GuM<?>d9\nP\'Or<[++MgDRcJX8\'z\\\\m_Txf8x֣5\ZNVp#/^)KZRXڤ$5̣Թ^S#<]i\"yz-8(O$^VT$tb˓J/;cXEʘd63n+%Nsn>Pǹ_W_xAsΥfS\\E xҿ\\rX20swk5S*]v}s̲x(֞+2$qT:*kDԚi#q\0,-uh5wr;M==mfw!.=||4Kk=^k*1BX46,[?Hk˩oMMϙ+9<,I>{;4\"2F?7vGYĄWĹqGTw^=W3ܒou6O;-?\\/ɸk ädF<iys+Y&%zDM7si&1w_&RGbVCd.ļBQIZ<ޛrS\'in37?-Ҳ:9&LIp6L+Mdwl:s\\]<dI=մNM\09	apTJ:wO4Oh:mݶϦkI|/S`9\n\rjLr[Yܳtav>|yxLE#s.}I1>\rΆa|W<_x[_WU8֕K]ۍ8zhUUUvw5[?X\0f\0:ݕN&\0Ѹ\0<~[pϻɈw\\\ZP9#z\\iu[{{zQGmp}\ZF\r_=:{sx8kEr&+mbC?jjdqyY\'o((\0:>~}>?\0\0~ hJy5-c6P*CEJPs\r}4A\\we~<\0Y!>/\0fuvpxtZ}eB\rW;qO	뉩C[|뙬cõf<jVN馮?TKaƾ)?UWc#G\'q\rbw{~=yLxɐHmLROw+g{g|_ڡy<XcWhVY<1.W:.jz=K%EU.\r-C4Hvz\nB|;q@M\nx]٤\0K(VPA_ǆ\\%6WNSTq4e<IExѫ\n]UZJsY^<:y\0{[	S`ۣ(]ZD9E\'vQG/4znEmtHN]-$K杤\Z(Mġv9I<ʢ|Qt}1,tk:q:̀7{9.ᵒyhjy$?AGcy1YYI`ķ6V\\uvaM.[{[;]R{uh_?|_[$Zwwwtg][[qa04qiCYAk\Zn-3\r\rT:JR8}^-Ң<yAAkn[3G,xc`G:z\\As)>is7$3H	xRULdA4/mZH$k399ǲ7sl̰%[4 [QeJnB$O.\Z2o\"9nA~i!tc07ryfP$ܪj+_#⌦T2t&qj،<*<=*tg/z1vߣ*JXjB8cwdn߉^x{ĺ/?Lԝ\r7Y.\n[{;]Dlf2(?\"8~_|O~[w|iWPjvi\'̯ψn#HtGܺ\r瘖#il5h, \0)pq:M֖&dLQ.uORq$[]X?#s!\'n:|Xz]*EcT8{5U$l>P!aRNR5ﻞ\'>R_\'m:p|1on.Z-ibqxwf,\\7_gXÀ=8Gr/$/9嶃\'\n	8;UB98ӧ+MP=9n=p>\rg(\'uuwR^wmɤ\rYmKe~ߪ\ZpH̀#Id;Ӫ=Z-J͑\"p\0-0w:9s#yQn>\'VݤHC4c3g[%)M&m{~:oL+抲_m\0M#`cd`A!H:t#\0:}?;\00AjC79$&]2_Q2}H*}Q^x(m3,!!0vu7\\}9m[<qO8ZTW<SMnnϺ<	z.TW@b[OFO\'~o}2U,ǳWGocZ|eH9\\~l/7qD<v]2dt+}0J*0ݿB;m*X0qA_#?C_ر_͟ww]Te\0E>{QDv 3(ISprC8$6wi$`bFFY<(A\0)x[޿\'</XQFh@ \nu	嘼8ՆQ\"\"ɻ8S#*j5{pfy&W8xl-9TNi{k\\g|AφZ\0qK?hZMjZŵj&iQH\nnpn\0Gj/\Zt/!n.%-0{kԙ*ٟQ3Mkom%)&mZamRYċf-k\ZH	ݿH| Z/?\r<-HIƚRonB2HR\n_D~#Gy41iNIȲ8aL̳cZq;+~<DɼD@q%<\r8)xzu>\0grGᷓx]\">q\0ƀ,)JkGDۢZJeۣRӆq\Z+{om]]vXdN7pj%Zd$2+x\"ƑSvjb:P>\0n[@DjUͮ+k+Ekldr\rŢ[Ft21GVc eR?\';s/\rsCҭZ9T]8V_SJP\r\n\'7Xz9GԨ:C0ki6)ybN\\=o=̚5֡դ֍5\"jV^\rh./$t(KO7NsV4zͨƮWKVsA!RH.V95[=\\:ٝBMu$wN>m>.̛խ$]vA4Lopͼ6ypWc2ɧ_3btFjʽgF)JnWj~I.勛-aBUxaORmxVI{ʩťŭ\rĮ&&L^=:F{[Y&ʹImXu+3ﵺʹ.uHM)wџY#hvyQH	m4}^{oHʖw.D\\[%(#7/~x@ᤖZg|i\ZF=Wd k&wotjD[7xxy¸&=XZS֩C-`0c1PV<%*PVJ9MQx**0s\\ :TiʥiV&*tTZrq_+wGv짗+b+E#|\ndI@Poۋ_ٹ屢qDգrsGKi:ss\' fp.Z8|?HG-ϥk&xC\'^I=Ltyu;Xru]&{xnxZVqqi\0Rд8@˛ifw9C4<G\ZOO-䑧[+?kXy?icrJ5Jv\"RJ*g晧xîqjܝ\\47G)Bڏ5jpOF+j$pFTAsNQģ#;g_<YW\Z^w3%{jq\r\rt0?wd:\0ȏw$~>Q}2zsQEʌܴoMR~^?5tqX~ZlU?mJZ5y%__4w~\\?ۉ1V</?:\0b1&=y?t5鳰QWQWb押]\ZGc2ʖnoYLwI!edI2i8@@$vO|{eڨDȪ)[xB+0,%;v\Z1$ePaJ=T+<=k̋-8!ّPmŜv>w&|ܰ]tKp3粡\rW%zg2s敒^(|\0s+H%,}}}+#ge(Csl\\iVbS2\0/c߉xIu|aEp~٤k6MF%,Ri,aTcl\Z3qyG+c2̟)üF˪f9j\'^i{5Nv?\0Z(R\ZsR8uWFL:\'զ>=\0*P\0S\'1!_\nW!~W6M\'xWV5]%lSTաuKKY-lɓ\0Lu]ǏE\0~PPટ\0b?Mh׶&ɮ]-Ia 3,$ŕ,gtYY#2owĿߴ\0-OGkq5Eu<mgenҺ\"DagV&L1`b#x={P6+g@H-ah FK*STcm\0U \0r#~#|N6}ǘ\\0:Un$RN:OƼӎs)eUz|ѨGWYONܩ]5ծo%LĹU1{5\rjr$qľ%͵-ɖ.7eTåh[!oe9-F>SQ?aZ\rgb\'w{k[x_T,˒dʑq_ۆ*g_FSU>;7PfRm[Mѭ??cm.Y`j=9UߌWR;vw>=ǈ5VY)eIW8\"I)@4PnxM̳[$DF[Jw\n:T̼5&DM	;)`u3#tMdG,x(ݕWlX%K%ZDQH-VYPm03`%J\0/.[<1ulNaRR|LRo~iMO#|42\'\Z0[FJ0|I	fY;A\"b?2Id>L(Lڤs\'ZzL^Uti4D\rxF\\:+He!),3\'MmUp6dY\ro\r!yIC0l]d/e{LDYt[S\Z|K\ZvZ-[^5z֑s]YY\\|^\\+%n6[ܤ\"$GF+̾!xĞ6b]25|Quxd\n,$xN7qnu+#P6:]W}jO[TִޏA(a$O鮮m\Z5iT74T`J\0]I4~U.enntb1մO$ھjKi\Zk}ksgWO?x}ŘJ<1$ңn#&T3\ZwGǾ]Ǽ?*xcrE9VgPRNͭO\Zmk:ӓBmCcԢ<y%q]êYM\ZD<3Ng-Lν੮4멄ZoyG s#JK?[㆓/xGk_\\w,4o~В%֩ڮ(RÖ/	i=Mj/uu]?VӧakN֚|b9cxV[g<#\0XV1:Su=OBi:Wp^\nUr\r\n[Z,Wb刭%gJm߇_/}ci##*J떾e靃cVE@g3|;H\Zd3zx\';٭+֟u#:K9m*υu馔yjjnx-E\"THS.I7Lsx6/-8h{_iFmS敭vyE7voq|\'^=zY\n*RjR+\r	QԓN^iwKc[qhpܼ.͐G~<1\Zk&HϷ\0Ⱥb0ʲĨry\"߂_!y\0G\\ogo¸QWFIFR\"k_z?t!*m5F.KP:wZ]螏}d@:t;OFF̭PeKn\0 5򏆼U\rҁ+GH81NF&=H>56)J[byʠy\"\\g81<ḯq9>;	:XyZIS\\.ѥd?lV[PRNy-{tוYP[MیAmiZ=cNӮn%n5}@4Q!fwK/hZγqw:y!Ԭmnl.Y0l6[:\rys5 Avi-8+e©rW*`q5\0e\0詖\'Ş(d5ѣWL^RWfW$)`anj?j8l_|<lW2MRQx͗먷>WJ^2JQM@=>K\0íbSмKKK8ѧj!o}g3e.)FTqr@k.\0\0A?ٯL_<o\\Ow\\3.`O1SH\"U$HR5VW]j62yWvw\n$l;u\0\\#nG~}/1+/M\\?rC6\ZzKJM7eGqn,6oUUFqt\"V7kߦ\"#ӯE~}QZZm#IL[ac1p9{\0oi:l:_]\0B8Hw<㞝*JC\0u(OĄF󝥁2	Y7fKWʤ\0T?vꔧBIs5g4q_ˮ]\Z՟+nqr-^Z$b;ߚ\\ϛ~̗2C#\04\0pu-_^,<wu\r	b%B(iXF<Q&$\'\0q5\Zf@Jv\n{\0;6h<_VqZyZiZռxdeڱ΅dgwDF*\0h\0u%/iᬎai4/DlmH}Fr[E_c(pүpVxpH]B2aΣVrRpOW6\'STl*K˵BÐ[\rOS^Ksےb\nd*_\n@t^=nnn.u76ƦG$ŘإX\0IWK!mP\0\'T{Z3iƴ+\0`ppqr\r9v$=W,wVAt`w	x|UL  IH5-ٍ\'EŴ3\n\nGP9:cPhr\0II$#H\0;}Mm2 lyo>dq,\rkӿ7//uME\Z*tԔW5u\0{߇Tq\rWdq2+GzuW3owoqKٴfH)p\rB\0v,>^jA;İʱ]C;5t&Oe؟K9CdǤLlqFgĲJ`kIƻ6@G_,ih+ЭE)8ʄՌ#+ۙ;myY_M\'xi*F*RM9J!(庌8\\?^bk\0\n<1>!tŚ>_Y_qiȧĶz}ʶ6-/z\'u_|7&q\n)ѭ \ZKy+-{TIY<節ox.G|	y{_\Zj^N>&/M^XjY-\"t{ˤN~\0XZ?}#MEt1A[CVE\"{glbDÜe\0b\'OpXViWqTXIJxڸ|4R?x3pZج<X<\'	ʏSi1kWNYd<fsNsrP¯D]WZfKB/x{N~\\dp6?t|A$oLrƹ\nـ;A!	a~\0M[US[]E/e)uMRI#Qdo?do6yS.vx[=ZZ\\b5GVpY[D**|o<Eq5e^}J𔿴)*Lm<+K/M\'Qʬե\0.UN֌0n\ZyJ֕:ժU9rCc7([ofLG\Z\re~ jMfhtA*LEZ5_ɦxBim08ח7y-vV*&5\r/w|1hvѴ!i[*XEVGfEv[ O.KuiVxE${\0h&-UN{Ty4/\Z-)%)\0hb\0VxO:{Y}}qT)ף9\'R:]&n\'n$Gӧ*U<=l\n$Ҍ)Aߕd,5yWmjI7\\yrF4\\3ț L6<7/(7o\Z͆w:Kvp\\4[\ZvMI;p?TᵹcCu%tڼZmմ-n93΍lc0PO4^O`,\"WOf.[qHP\\FFr?:ʼ\"ͨcpE1TqrRmQfYvlf]\ZKV8ET`гZRR9_ eV/c,m,L\"5jflkWutOgǷ~,?_˥]X^[^[\\C2y~L$@lWI+d}Cb-ȷ&$\\)YXo[#k\0\0=%SP߀tпh_	i2K]X9~3\\x&\Z×SCgnSG&/چkn]i>A}i-e}e|^[^E<S\"d9dV\0ُ㏅*}8\';̣iUtg`3{c8	MNU1v{CbTiBUpuR8\08|Q\'ξg\0y\nx\ZX5RCT1y]\nJ)Ѽj:CHNtZ拨Zl9݆zI2Q\0v6\0A~6kJ;xkDhf2]:ð5X!i8Q2w8c\"nc9\0e?v?~ҷu]dxW7oO!W\r,,:mf;Xgk	᧷\0hGUEX\nujJxVC^aV9Ƨ5ϋ>ql+paU;gK9	_uEE+?HW{`2pF0qs(C}kqmgun[{;[&Ffe,˓4W}O?~59c\'̣u|O:s(׫\ZuRjyo5KƦOܬn\\v3e[Z$BbDUbXs8?iGؒ2-\0ɰ<(!|+1icl*YDj.wEםaW$)J\'&&jTڜyoVW,Wc剥F `0k^*ۓ/i+ŷ˻4I+]JB;MA?N1u|U#|`41Ify]{gwd$u|3>!7IX<eĚ@NedLe\0EsQ׼\0>\'ƞY4Etbt]BT{k[S4bY2~}nx2r;\\l\02,ULӇ3,\"R\"tߴ|+<\'oѯ\"02xS`r1^!^l:<	Yn\'(J-*u%(T~UJ2G:Iu./ŹbcU\'-|7$L	!EbCp`*]fU]yUod uo`:6Ib0wsn0?Գ\rMºcb4pĿo6:Af\0$ie:w:xj(7Z\ZTQTTNR3:bc>HfdCm34S.ɼy4`3#2ڼWղ-sFuIɱ\0z\\M2\0ܡ98:670ڴ(JHb6r>FU	GCownk9haniYo~gzW7l.\'hLx1M3\\L\'YX\0׼g[;ԗNvX-wH_i\"K}Vm-%?ھMm\Z\0HYa7\nv6|ecX©v:wf%O-_5ȋWAsЭe}y\"$E!v\\s(m][U6jRY*)C9q+M)hd~[8cgްo53m2[r:mcpY	d$@)}qm3m\"G,rk˭|]kewyn g_\'-YgifQ3E]5&vM{zmO\"YՃ;3%h\'v8\"\ZH-J$ی\\{81U*jWM$OÍT*{+;4FѪ^k?o?fF]atx\0~\Zo6ꫫ]ߕ#agJ@/ثOGzWJ֕Y¶FmWRF\ZDܘ~\\MgW_OKq>|wh!ה:rͷg%&]FOdAl߲9f\05~ke~,pqEl,+U*.Rqs2`NNbiRr N#7_FQßV\n8<\rU̫ӫNz 7s\"DZT_NI֚n4~̺|zZI<q^$1,HR)/mptIEm2ϩJ,R/um^ZY*Yܑ-υ5M(^:w-Q!YO2,BD4KW|E[U\ZơwVYn\'cs_^>c\"ZLno\\]yy!F\\]LҝF9NeF4֜i?m\Zee$=WԜ08Hѥ8׭Ey(jsвi{dy[l./$ӷ[[ICswqJ$\'xb(DF<\"_-Ւpq!i\'$~Xܹ\r|xYČjOkق%2rC-KmHgP{\nf-5եȖF-DT(!T͹kܟg,ʜq5m*<yMULDHӝ~T<ۄja0rՊxB0VWZd>5;P9B]|S~3_\\/Nk?mm=gRBaO񭎓,:\nc>#Ҭu5S~o>\'1+aeKH:HX9Ĭn:?/㿅Zs\ZGڼ1vmβwmN,G;i\\:?C0~R_pf%c淰źw,&ck*kNl࿤t@|})UpY\rI(G9kT˔5<J8^Mw\np\'3c=n+O^8q/Pӄ~״~O)4J^ظ#	yhf?+C<sjW/n2žg&Iku3;&UPӥPV#t>[o[\npsە|&_l%w\n^uSe&87l&Tj+N1?|\r^ڝ|>\\&8z58wL\0M\0㖍G^u^^K]Gò^eK3(4K2Wd+D\0w><\'Oh\rjŎvim.Ե\rq0C1_qq\n|38P,>0J}coV_FM,կWWV)Oy:}\0%\'	oukrF_kn~Ӥ#$F°m-	1pss˿ٟ=t/Onđ-xi\"	#2kI;Ixưj+Oq5೚y&[4cO0]b}B)adB[7׈7S%d2NIx];t#\"	5RxE6k>\'<q깾&%RX~\'0X\\=tU0,\"$\"T(ɫlfg~e*Y>ÞCҔ,\\DiWV-޾;f+펟k\0?l);YfK9;a2VtKh?$x:$Zsod@>.-3s\Z%B_<|@JyCk%uc3HOAsp>Tmx[<=\ri>$bQ;cguf5ޛ\"&ѤFμu/N?/X6]_Uk9ԍhJUKN񦠛O_/ɳ\ZاR>riU{;QgCx9J*21$9eZh2|$>$\Z7{^Hg2L7`bveL&JK]s*?$y`#9$pE}\0)}\0x;^kh>KشvpkY$O,X}0DI$m&> $Yme`s7Yp2xٻ6OV[<-u:fֵ	USV8FrIBwsmbȣRLMg>xՅ<	UVV#8㰕]La#ef;;L6/$e87pPO-Zmx#[Y%yI_LԎ+g׮	[ 282M\"n _q,JX۰3TW{$Eqn$d+\rO6YxaXW,RN-wMnGD[mo/oO3bo4<#AťE)Aݒn0q\rk:z}^U崷\rw_OrPN[gwSs񝏈̒r1o,vG\"\0)\\t$6kдE\ZHyRc|[ې<¬FB\rbTM\rrhկks5vhpI+Kw>>Y+xA-!0-pM;<	a;$Ʃj*wy5<YKi3R\0GeX`}g0G[]\n6a$xm|\0>C-ʭIWVVPwKR3n?$|ì;Ͱ:T\'1X\Z~ݻ7i$Eљ~KWͱ0f)J)iqQ~~tӹ|-:6֊Q]\"-$5(RXwa\"Q^kje%uS\'\\fKsW_ۋBbe-%֮SH&3h28q1m[;ui :Jj-m6w\0GOQ01#30etĵ2N&}_*h*֔ygd+zKiL3jژ\\6c&҄)60ԣ	C%%^5IwzdIWM,$H\r%A2l	\":w6IwK\"ΑG,\Zs9لe#;kcn-mS$;p8v>pۭ qֺoBx\Zgfкm}y%ڗt}ye<>30\\<=+k+CYrT֍/F9VuwSN2rI%f՟i#5	5ݱ\nH懨x\rz^34Hnf6$.	y1|uiyf$3m*!O8I}h+7 ,Gi\Z*Eѭ)OYv>B]6\'jԣ_\rNa\nn)ʜmW򭛽oIN5ک=-+({?>_1zxnU١.1_XxZk]>|*ŸV$)\';]Xv|N]:cIk{u*xar6KPOHN>{2-vEܺI<$	\ZH?85SF+ӫma&{{ъNYmO?%RiʛnMiZ,N.]_\0)9l|aҡ{}Zč? AĽ֬-\06C\0\n\rh+hrAݎ>~~9-r8D~9}Mj&ራԵXQp\Z	r*Mi-,G,n+~%KĿW<3/yη\rVE[7\'/oRXXԨf\0+lvuP	LkN5y^˕T{_D_5Z#xP57(\ZTxbtvN9\\P-fYbXpAaـa\n+_瘪7(WՖ;SlCJ[y%*G,eMFXx媔l]t?ۏ?jSc=֦e]YWu,h%y)k_+!kە4;}#FK0C-|L, Wtq^ejh&v{MAi4`N2\\ ZH)X-R,rupwg>PF\n|+\00lr/sVU}rmwo_C2\\+M8E×yrwm+SִԮ|Rd[k>DaU	K||5\\+Gخ\"\\yшԶ2quZXVg=mwH+wy\0dg\'iW~g\"H|I1),9Y8)b7\rԧvzY^gp_zJ(SPM)Ex꤯\'v[GL/i (bg	;Dҿ|;IgI lL~uP3\Z>y\\gZ-ˈ,H1\'p0?1u9Ha0mpU[FWQ6??K{uSU1dӭRzFPV&8~OnZ,-lOPw0cJNZn&<C֜pӇ#\\( 9\n2I{;qV\0v\\t랣z\\\nk4KPa)︃njR?g\'Ub(qo\'!ƾNT}>~kj%y%b3YonsӜMo׌6OmHS\0\n|\',(PY7=E8:	گRU_OKM_K[[49DhVb{˙$<\0	Wq>:9~SRӄhKfV_RV1e\Zsz4ՔplxW/̱8JThQuZm+Ky\">*??CTZ?ĶVrKoِl-xw_L_oĚM/,IJ-CV]=ƪ(H4C08aXzck$QzeAwyPn\"\\yեR|篥we\Zq(tRLA&FFVt\r_9g,YJSü~&en(0s5\\uL67[EBҖxyέJr/\0=>$yQTՅl/6֍gJr+BM+B)KM.GE5-\\[Hsnm8;`\Zg2ִZ\0%O֫B6o}/5-VN -25wFB?/vf[}RKkt6\0<rV܅\r\"˵Ho\0KznEfcm)PYZxmFIbLHMQ.ex&8%[f\\ѣ9eBQf8ZxB4(}i\'x}$rx{(:8p>?.pt9)>gQEN/zHk^\"a\rgdEsϧVrc͌68P BIu\nI-\\`Oݟn7n/Rx3ַZ>K$ainf\Z\nHcıZ$*y\rWu>2	t1r3Odb̍n.\\`&qV;TUe4)*T1rj59\Zj\Z*UWU.T:tqS\ZT:Jk+X.62uTdnۓw7a_DxnMf~ukD]^C*G1 .@\0YIb9mnrȖ6dQ-߹<;tdIz5rd]#wH1_f4]<]980\\Znkk.<\\.Rjhz%\"\Zo4qF#YP*1X\nJzWʸSɦ^:J4T|9V8SD<BdG/$T;ni\'(~ѯ3q0Ŭ3G!U7%]A\0{MS_f50ҡ,~zqZVayW9_pЊz~QڣkEwtv\\az-ѸK\nxi\Z[ͧjMHdG36nw:xZEoE!ٙ3>(w/x\0|G0PU\0T?.Mֽ}6/eQwI8y2a3,Ey~ةx{LԑpFjq|?d_3u?o(CL4 ڧ|7!JRV\0On\Z=\rԟ{WPv\\|JwnwEwq]h:D~c޿Ǹ~W%)&T [U]y\0<_}[>&*cr8Aǒ2a0ݷʜ?-*XBu!`ƺmm,Iy\0/%Oei}܆IfIB&qyQGj? i}VD,628+U;VMp(@ڔ$Éd=W7H1OWC\r`x5\0mlf\'zRWvJ޿O*KEEܪ;Zޖkֺ4~Z0Dl7m 62ybX0>`գ(WQ9qzy.\0ǡP\0\'ϭzUǝ\ZN}c(咖)rZ<i)inK<~]$Z޷-R_e_grAb\0͜^I+v|<[-C1e:(`rH~g\'?W.no1Ac4|-!?Ydظֿ(j?E\r_6Ք\\.sZ>da⿥|	̱\\*TJ4ӄ璘찼Ef=ҭja=8FU\Z}B2SG=Оí~u\0-؛{q\\S}y,FUAqJS֢ڜ(QhO*C|E+TQ%9r<<\0N}\0jo#HM׵h_ih	ӝ=Gk{b\0\0sm\Z0\0g?9L:&\r{ÚngaMt]Lȣ},mqq\'<B\0?X}/Z$߆)S̖+_YVְXŨ\Zc+Gе$WM]|E]/ᶒa~ VkxL;F/I;W\0YG>(++d	R\\]1r6:0AU~1>hHq3̲N?3	Σ`+JQRzMkZ/\rSAӾjmw=yR	gyr$<s}{SԵۛu܇0f&ě]Ľ;*[d(>U.1\'{tV\\ޯGjLvh<q J\098\0+7?fF.dT2,ьi0aR+֤RpujllXeBQ:N0yrj=8kF\\<_@R4T-qqt*\'m	=߉^]l;ԩ#pd!`*^\rKs;Q5-ëiԔVVFasҿ`<?N{W^؜\\?JXEJNQC/7YcCMj\\Gҫ\r}*piJUa(JJV_W2ࡿ*O~\nҭZvbsOK˦4?+\rRfK{|5K6	-KldxSA<-XI0,ot`H*~|Y^_s5ݎ_]kx 6\'m$&\0o6kg$\ZVKl:$[wd\rAsjy+>t?*fRdc830ZƬ<nJܜ^Xp咇\0џ\0x%؟Z3>*k+U*WN\"?dYǡr%#ZHHU&6QU$|\ZG!|>Ki$Cwv4KJ̱*2\'x#tJI*Ole[wDpmCKxp5e5:;Om|^ydy\r[9q	Y%eM|>QU%5:oO(5)/՞_|ABS((A;^Ϋ^~HXJdk\rs.<yKpT#:k_ە[-YR9mfwaBL;)R?s/}\'%/?V)eK]fFK%$nHޭ|}^I	[/8UB+,*+8+	1y^UI]JTAT񌹭{iwYIi{ISntVI=][~;\0g\nh3]BxњWҵZncji\0($\\:ѹwxCHH\009~\0X>\"2|$`3=&<$crxpQ_]f{u>jyb8y^tp\rEa7#t԰8=tHpj\05k_ԲZs˸oj\\6\'ycotFGIo>bǅ9ʶTk888=q_6;ش-\Z;At6z+\'2pW2|W8B %\Z-n%d׻VIF~	b?0!Nq:1>õ.mTΜ	˧΂OA m? T¼P]jZI2A̬	?y UOnbr	T(!rp	ϨhqE-=%Q{o\n}q_f|R	KNU{ݥ?WپE$wk|NH;yaoa\0?\nE+tlm6{=So{^7\0F`aaxI\"$C)<\"hE1h]\0IE@y%1cdS<e8ViwZW{siε	BsR~TVzz?kzD9@t3,XttϨqwn*Ci?(c s˼~+\0Aӿ+x!ͣVs~n^1iU8CW<D1\"`(E3~V[Opz~㰳\'S򵥚is\'om4>2ZFj_[(o]m5]ߌoؼy{SU\0{{/3Ť\ZDʒ<BK?#E}7I׾,kZ}M,G2	Id\"aY$b0xⴾ8Ğ.O	xþk.-֚sL\\_\0Y2!\\1f8Re8\\N%Hލ*TRZZѢUcw^YqL>cJ+gk⯾[\0A!Gq#7Mc6f\05KMIn|I5O@Fs\0[Am{=V81%[Q ſ#s`~dW+Db\0Eд.S68S嬖8 u[k[-+.^z&89H>9	;3,l<2T,v9gWօ:iД/ӭJ)NNgo.5-xJ~`{b-?u{)%-[V:%(\"vE8+c\0EAq+Z6?VgV7?z,g i%lCK=pWw$wK{٢`З}|thP=1*kʊSS\'\ZXL:\'K+j)wf\0^άTmSQQg%߮]ܝTAk[ۉxEoޫjЭĐ[[iywWc{DހWM{<vgU[g20C=޹:!=ƣ,|0=X\0pC@9CNkNU*kW)T[F0< I#OAbJVTJr/twtf^ZZ{}P{9$g8Lӓ_(io٢\0Ğ^Ѵ{d[AlQ[\'\nIw6\\7_u\'5r[<홌E\n[ۑ8\Zq񍇎/(4n=Λyn|An5?9Ûf2^p\\v\'p:ܗOa|ҌfУ)J}Xgxo2TpeKL&;7{:ɩ\Zm^ӵfkkՖ+ō l]e u#.?\\l ]{7*$#$KfMG|TS]zqٴ;GE?s\n%!syѣ[r\02)A9\\7}Xへga>aXjUV1aqjC\rKJ5䪔7xL\0Dig-fX~_aᰘqRkRpI)5RSnI+{KLAk;!\r\ZjSO39ߨĲ5XFixGٴ/NH̑\'WR\0l&{CI\rJT6 * Y	4bM+>%Z:sW.Cw\r9b~f`_\0Gw\Zt0ITrSrsђWSEѿwZĮ2ù&+\ZcJJ=`ܧFm=~[-\0lK\0\rK?]cSI8u@¾z]s^$_|d߱mu#N-9}+;Sc\'rI\0gqc_ti\Z<O\'Z\n,.eХmzp^I-q+;x#>ׯrN%ڞYp\r1Q ׋e[ŵ[G(\0NqxżVc3v2i>cG*gWmd9L\\8L>u*S_n}Ju̢_\0-po\0I:/m&Wn4M.-ExY\r;RU*vF,pGgA~\'fَoVU\'[1IIm7k~l\0WGSa0jqz-mO֥--<G\"b2DaF@9gtop I81H%KE)Bvʶ@NKdpz1^-7sF48Hh$2ɐpW=|;WFT4~+YtNspNԜ%zei\"(ZhF4̷܍0Aep*QF!k+[6iwgHd+UKeiUȹFL_s`D>T6mb	2\\$~);~a]x	|f7\rkX`v-Afn\"l.\\9V&Q[[_gm\'WZūy~=56i#Gxmo&s&͹P\"ae9Ywƾ9<>$v};3YQ쑴/A^\065+YZN%/ؓt՞S\'?DbW[q$zڿmlQkw/v[M-Ϩ⧇g(n[-|ϒtM+ڇ//vKLk$i<p[[>mbOm$ʏWԿJ|[KwQ4kV(cw\"baR0#5jY񦠭 n\"̆<i\':d_<zzEeVq\\K0A)KjR;Q{_^)8lpV3iӫc4WwR	\'}Fcec3:nIT[U-eX-f]\"\r\"ZeKYP5prvѫI$pJK(\'m#c#ֿ@~\'g$*K_M>GFX\\V9\rYLqEUr~ӧY|Ud	է[>=!<qZrRZk烸K\"Uja?*RVo3n岱b\"Ԡ6αQBvbAv\\c^wy\"-ln-4QX+?}0̏\"X4D\nц{ܲl%>\'jwzVkim}%I=[؞\\hNJch[sx={\\\'/\r5FY^T\'\rPm9\n|Z%Bl6*\nxI$6ܞ\\\06>м!r֗:ޣ6,mYuE|y1j&6~XK؃c|E\\[;XDlȹvbX25\0Vp\":*+_tOX\Z-%nNk̓ɓ\"Af\"k\"\'^}NKKnKV-%N\"1&C\rXp\0q9]\Z2\rBJTҍL7}Gb=O_\\UbiE{iVMWf~үRrq=\ZPKv.!fk[J	Y#!<0O# d^6k:EăKh\nŧj;(6Ĉ	\\5*8y%䏘:Y_iL֬i\0ty$Fs\0=Ahƿ\ZC<kJSs\\PK}Wb?UqqTĩ_\nP|GITβ,\'U\"p(%Fpt+ٯ?/ïy#U(]=\0I.GZ\0n<g%Onfռ7Ð<yGqMs(:}|L_~\rAb麛2asHd\"݊]MTx\nĒ(Q-k2Êy+:X\\9IT<0RlX<?`(M\0xyߴt-R׫qѺ_>(Mo$Fwq\'nMլB%w]A`t&~m+YKe&Ym\'U[Kx巑]/54LB\\o\"ǺȑF)s\r~r22sjZu~ҵ5ơr9EAkI|ۨ n6X;cp\\9q+,X\\l>(8ʦcSOhTI%f([SUfG(bJFJB=4DΖ(dm+7!od\r1p^P\n;p~%i|[iipCX	>к>S\"ŨXB<Aa_$u]gԦ#_xXi@<k<\0ۿ\')!A\'σ($|N[\\n_.(ωuڳ2a%Ŝ?jYbu1vQRż&sp8*տ_sl2|^)GerGvTiӣJ1T߹<jv?SE,߳S\\j\Zo\\uO\\\n0`}$*T`0$udT\n%;Q_\'+V<6՝WJe\ZTͤWE>(&잛?\0|Jn@ny9vRzDl}7OZ(7_/*\')a??TMb̷7I]L69vu\0n8\0gvq?+KV_1u&p8!`xb94Q_;O\0q_ygR夺,Yى$I9\'\0]0<%W\\ObLOUxR#9G,z7	_9u%_Xpt8l+\0 \0b:|=s\0cl\0MT?В&/*q-F:yR3Ѓ#yW]I\ZHJ@tV\0 8EU}\"?yn\0fpK\05\0<x.u!-1g}̈́mzc/u[Y4yy[WC21\0bO+ï\0e#\0_W\0O>\'Z|ԥkY ӣKy^8(c\"xZ4DPTT\0\0F/p<12Cu 2?܀`c4Q_K_?G\n|9G1!$SOqB>r*nKvel\0z4Q_8°?J?\0Igy\0o%\09,\'*\'\n纩+گ$໐&*f8\\/\'4Q_ї.v\0/eI`?e\0ćʲH$OxR#\02^axa)>()F|\\ci\0`cQE\0xs\0x\0\'\0bgku|@V@\n\r<`pmVYVY[CO6c,p\0ᥙ#EshoZԺٯ%($|g%\0??\0&Jےmmo#IaI$Vy$fwcwff%4QE\"G',12),(9,'Wortel','Sayur',8500,'Ini kentang asli bukan kaleng ',5,'\0JFIF\0\0`\0`\0\0\0C\0\0C\0\0\0\"\0\0\0\0\0\0\0\0\0\0\0\0	\n\0\0\0\0}\0!1AQa\"q2#BR$3br	\n\Z%&\'()*456789:CDEFGHIJSTUVWXYZcdefghijstuvwxyz\0\0\0\0\0\0\0\0	\n\0\0\0w\0!1AQaq\"2B	#3Rbr\n$4%\Z&\'()*56789:CDEFGHIJSTUVWXYZcdefghijstuvwxyz\0\0\0?\0abjS{_GnyUհUG9ؾد<z\"ӊ˺X^Xyl6X8ǧO`iO$yׯr(6wbBT$npU@N0>\\\n=Khk=aS^E}577KoER7W\n|X뚷$\Z0S@>IL<nҖŘ x9@9⽫\rK]Rk_)U!9#;r=>:|oG=J9}O4JkxOA\09O&eǝ\\K̥G==[u\0R۳#JhqH\"P1\0-I.hE2N?j޿w9n\'\'d<|\rÒ{&~>Y\\\0\09\'t=\"+Ib@\";`8+;~HA V95ZUNR(n.C*6kg~Y|ƾ]J*!\n$MIߕ_Fkp\\;8*؉>e9ʖv\\։GGssl?6\0>۷~55-B;1Q<6$3s\0?[ʆ)k^f۰rX{x&\0uv111v\n	O|V;~\nҞy],֪.Yxc8Kj3j&魵_~_Aq%%Y\"Wx{7-!%75f̌6G\0\0m/Vĺ|U3P׮mo>#QӴ~͍\'Q {tk7͊O%Uaj$lF/岒* O\0B>|YxK⮍x^.o^+K峵[d5}}lW.#\\V}cY%9aظIR&9ܡʭuۡwz+\'˱5)\'ZJ2g\'K[6ݯm?\0EK?-xyKzMs`KrĔ[.qc+_];]//tw_߽޿?<D֋\"8mllߎSW#|l#C\Z;/f~9ox<, T|\rXBK$6ʾwp6i麜jٯ?~\r\0|UFh\0!]boOe?NǣX^3\Z֓zݕu9m*\\l}`UzpkGrRۖM;8̃0V\'FTy%=fkwGƕxxJ.4Px9D^݊}.іy5xOڳѼG:q}}|BXH2xPa}\"Շ\"ЄD@,Wu~\0|	+Gg{sEOí6Zޯ_x=İ;ݼmciU]54Ywe[.K3<#t+q4f FȐߩ9V7sjaЯJxyOKR81|֔]ofki\Z՝\'	-ڽ[\'vzkn7~?	~x\"/^Tl-;\\\ZYωۉ=ϟJckߴ|&^?Cj5OGjzlƑ)J\r*ya5b՟/ G>\'g{7zv/on876|A	PC}ouZ&׎ݛw~~>o\0|6?dȗ__	i|T-\ZѠN5}Zx!n};(yle}N3>i	ѡN-7zRM& ҼSf.p|jkrk\ZZ-wi_\0`\05\'M;^9>t-N{FDVЮp)c$\Z=aSK~Ѿ/O=oYxSGD0iwc}K{fHb֯egF	@Jn.:o~+ed>}`h\n ֮/kKPqe,AM~1x/~\0Ƌ8|b\'g:h4=V2?D<w1iZ-o7Zɨ7U0Y*bVZh9*$Va/J+ikmoKo,\0j^=>;i\0	ux\0L=bhq_ /s×ڜg4kXy+?gτ^ύ.7<y#uօMMJ.39km:V4K[;$H`I(?˗۫úoxǀtkZm+ּ}*_kSg%a-pאAon_Kߊ9r[xQt(.q\'ԭmp6ZMU}6q6GYba(toUi9=nVդW.?u[uhCo_<\0ayzmy^o&-ImK\Z޺ޣݰ8\0+s!Ӵk&Imt1#I,eٲĒWQI{:vIey_<y|Oe(QC}D@3pjDav7m=һ\nemNXbFjW2	Li$eBUѤ=7ɯD:g,$eA#F0p}qK]w3!8.sc;\"ꣃ2q߁eLqKi蹢> F}RQ?gLi+Em\nG2ݥra#K\nkᓼ8*x|]^X5WV-&Q,71˂7Fy5(2K8F+3RB72X|Dӿ~iQ[M_uNYmVbdYnⲈ@ңmy4Ţ	<y`c5xJe8{e^pmFikʻJ<n}}\\l2L*݂֑kktygrx5O^/υ9\n趗r@!յiaHvJ+m3\nM>O;/b*Ȗoqo.^`z~Kk>.J=\r\rZM%K\\EkmV73fN@~M1@vxhlWqstX6[U?*\0o/ʙnG2T\"Uhj҃sZKGhJ=\08\'dx\\߉cE:5p<=ZRêzrqܞ\rJߣ࢞=<h^!O6ox߈.T.]-T;(vC9$hXp	+Ra#l&MKv9AmFfw\0YLw\0WrDsek\nAgXѺu**tQTѾk$c߅\\+Rx[ESU%[KwzWAك,+\Zt/%	d$#@8+3W;ȭH#OA>gpTgZXU&cSn99`z~ӇaU--+Zvmk>@JiQT߲%98i\ri-4;]>`hdLcAs\r\'}WMS:^D(2:.6y+*f@v03C?SMKhḺV5}49r;qRJSxE+%u~f*K:3[UHQTJWJ<\0L\'G5I=SpุKHfHAII21ch]=>&wS5-o¾?-k\rX>\\(Yė7)9?/?<+9|ymzdH5]bLXqeMqgiiXR\0aK\0|R\0#ھsg@~KxwH-6&:CmDr\0\0/+գCpxz{\rը=:Mvv>8|qpӯ*XRTiTSiA{nYt.\rZ\ZTQm[KjW77vMe7x*qco\0_A^~ԧCcֳAiR<kmYGru%DGt?l(4H%;>}\"\'ZܩMPZm%(fv_Z|OwOkw͞h`+KS8Y/~hYAkoZَ\Z	,婇P姈1NΔR!o>?DxNsTM\Z5pXyԅ\ZU%RnRN2{\0/\0Vg=wiVO\\x&{NmLMal`6:+ke	kŸ\rdn_5x_K_{RKO6ĺ{a}e.Xi$-/Mq/$0gզº>+\r[W[^64MGKYm^j\ZV\0O\0l\0^񟃾h_5iq_`&U\Z\0#H͘zm.˪[ؒѮ>/03\\ʭYTYX:xڬiNUcm\']i򊱫EQF4](s{Fu99.k-\\U~ZYZ?c:.<??ĺ{\ZIvl+{Yk~eQ--|NOi=KUZAg~-UqU<AZ+=c]3ZBOyeݿsg?\'I|Au\r>hOEȞ$\r^Q)VO.7:r~\0>|>_ٓޭКv9-/Q$5_i\Z?|<gM{]Cf}Ub[\'9s&(JQRroHMM_J_?.QO:_it=2}W[u{v@Knu]_\ZԒ}68E	ߍ_G~\"|PO\'«f\\cw,K4K7žs}co,Rd\0D;O!ut\0٨+Ҭ.ǈ<#[7<Yisx\\9Y{QF\\k3tŶwk(xr]NoXvizo.Iz;[$tHoK>l6YSuቨϝ:i\nOnzre}2Y\0V-}]OE!k*i\r{bEnRCeɊMh/kˉ5kȥVyH`EzTxBOZ.QS4W{+_[-wdrǲ?Y$,3qGC銸$Z=K#va&]n\0<{Ѭ6ζ*ʻcf903?tCqg[&#|upW5:Vi}/g}y}Kvwi\Z4iYܬ.\"$Tٔ1\0W|7M0Mo\0o|F$)B9I\"bOTɱ|^orɔd.I+A\03ӊ<YYhWuPl*0*\\X2Z9#ҥ[J8TNHyI8~Y4]\\s_\n|JI?oRtl׽WZOo_oRKyچ$P.ᵊo#gq(r4/9u%,E\rY*A]ܧ#;}cGva*F0]i+Ia+\0Ȥc\\r1Z_Z\\QBĘwNExVYW\ra]\Z})[eݕH\\rEx7F\n1_ZF֌i	>\0F|g<Ye!*-mNY#;o\'td0}\ry\0\rz\ZuŝZhYi{\0#~~ed d.rvm)\\d\03QNj8y-_13rd6	#w-¯<W6<+ޚI)۟^KeCx~/rQ5VpU#$Ӕ,k-SG?.e!~+FH]ThO9(.UVu\nr?\0߳7/?xKTv}|X\0T%v.$ ;/{.\"@}cR.ӭ.-#u0\0CC\Z3@[|}~uOdaj&%ձ۪=њC.^11`C(#N3\0\rr,*8|=lCJi{Ocg^c*R5Uҵ	ҹ+G9UsuL\rJxa0æBQhӕzrRq5 &ÿwHK\0Ï\Z|J2xCD<C\06Sfm{y?aUu{}*7aqy\n;#΃wDuKh|AuL{\r\\u#fѠt?\n㷅|oO>(%W\Z*nۏGBTdXp\0}?MJ5vmYd/mfKH\'oEhk\"]Ùv83%*rW3qk\rk)J]af\\(Thu9<2UIJN#BM!t[K֍Oy|g[3Mo|MV[;47ZZj75-<:L;5vob\'0^B`\"(\"!^\0kgT<9q\0iCc=k[[+y2G>r+HgbFkwf?~ ҠO-Z)]OI\n0ӄ0oc8SN~͸WRʣl,]^k-mx6Ox<w|uR*קӡ獜bY5w)9;s4o%пk;|m.5V/g<\0kmcQܻK4dsj:z	\"ҮdğJ&ǈ|i|Uoi0[__y o\"⵻[xq$[=N_Mő{rQ㮃?7_Šx/V\rѬ&ٴkM>8Ivz\'ɨIg_]<5|Go5=E-ײַU/ymKicf.yatKkh*\0+̲CeL~aN#̧ά5]~WUW>ȸŹg<ia+200</l\'Rriz*)}i\0Kesxz֕74o	axV\r`qog26];:K\0_?[P%J=#\\<+575h]F]d};G+;x]\'?~#_j~,q\0x#@|eNv7}#Zk]\"[x7ŏOq:Wu/j\Zuwqcokox/MMeEF\0s\\\"\0VeW6URQ,2⣁\r]?i9so8%9ul5w)~I9^uV\'\'vџ?g^2_ǿh\Zό^-Ӽ)qѬ׮n$\\Zi-S5)fRX sorG\0|?>(Ⱦ2lMS>=<ZCᵍڛQ5=z-o-`eH 6\n5}<\Z滫w_.xÚ;}eq{mV-5Hl}\"9n\0a*?m\Z;fb|I)]	nuok?5_Fs{IZFNqYK)b\ZF^0\"`c+֍*7*s%t8F1\0[M4|tdρ_G_\ZCsIin<Sw:sj.mE2˥A,7	M\rN\0y#7Z>pfZk{us,-0,H/A\048l2/ۏ牧6%|/xW\Zo-h/Q+\\\"\0 #-VgqceKjO]wuĎN\ry+gpXЎ䰱Y=6+ݧQS[Is?wbi_k?Zk.Q}\"KZtI_`:00h?7Fs$-ܲUdrĎO֊/}TOܞ{ONum|yk_3-5=!5\0\';c$S[i:LF0I 0ֿ|7~o+6:Ż.y^9_~~Ь쬼;OH^\\%D¥JnE-azׇ.#K*v\"nE%\0ໟUQ%\rtmt_-OH鬣n@Rs}$\'0ˌĕvs_[ܞO%$$h5k[T@<طy|\0ۀ+\0~Ij+\\έ[Tal|c$!?y=wWU.&LMN]y+7O^p6pxۨs7(]JX\'u,SJ _+\nNq\0}*!{x㲝.T|3M 	ɞ\0~ѱۥO-~4+HQ!.0>XL?j?;㟁M\rwE/j}+^WHחꗖ,iIie\n[$ϓ_e^U*O9K\\T[j`x:ŵ<&\Z^ڭ\\De\n1)EF^I7kx\0ׅU>g61i\"4c\'pc@;kO__|+4GOӵRk;HRH/Q\nʓqpgMOQ\0XܥWk&k3aiFB!]AAW-!ۘ\07:9xVR\ZM69h#64PEuj3(/&%\0?x7<Gˣke9>-c3LTdڥGQǴ9Q\'?	̶y~_?>(c.od8Ɲ7Ze*؜59HR5:.?iau5ψ6/Mz3C(Pۭm-f(=6le:/5O]cڽ]E4c{מW٥U!xp+0z<e{<{j-WySHQZ Nw]$1ZYAx;?\\/\ZjV7Wz659f_\'Q?[ɞbitaTu0vO:Rt08>e91W{ԭRRc,\nBqYxԲ31Xj4}F\n?aacu&?`؇~o\\WP/,f<aR{2)a 4vb)&ܤmq*I,JlMZi.ft;|hجQ\'tq	3qίA\0=|?eoiz]e5smo3%sP^cs%F*7q\rΥ5j:I& g;sՉD=@\0b3\\/\0WXcBks[\n50r.~U5G\Z\Z%8\\>RK1IJ匭\\ww|1R^$;g9./8/z\0Β~,ھ9d=jV]WVY-.47F/7E\\)7ݾ7XF2F0|;<i\\g{I!Fе۬_{&|G) \nctOXj:b@uG_~ʟ?4^iezvaoooiwp%:֦uj{<߰dV2Zym\n?YJo	~t)|\\{]7wb4oT%WNs	$5iޕ:8BI*nQGPkw[^\\<Nd+m|xKNʡQgZ`ڋWj>*xyI,ĩwpnVEVH@%H\nGV~*xk%Ե)%G̷,($rY&6h&~(E\06/6h̛UD Prmlby;! AǇsPj1*Riчyzgrҥe_\\ʝ/gJXgn[IcEhqZOjOU]LukzZ)\\.o\Zh庛٦-Ă)S}=ԓ-\0O}[/>&|J/>\0ǿBTy\'4=FxN1(]?MoBb`$?\\\ngo\r\0stv\0k[GdYE5VP_eOmčr\'ᝎ[%i*4!i-mn|EP7ͨ6VwY-^̲pn*E:Tq\\RmZu^96RI\0DLn;NSז_iyu|7x|Nվ0߳t\0e6W]r?\nx1uoIcH^kZw!_Uym5;O~\Ze~![]cW\'_QGp-.y7\0?W??/^x⎧Sğ#Ylyzk\Z\\چy	wS:|]mDOo\n z&i?xFWo|;0ҴJ;Wj\\zPrV5xо_7+)pqJPN(ժ:埲cQwkC\rA>Nqu[m{|\r?io_?j?|_ǧiz!x7^2u?H\\_\"SOl5\raq$,t/&״X<CI)/4cSMޫ\r7ݵM~x\0SOه\0nKˏk>1x\0/D.uGa:eZr|/[h72FWlYW]?}H\ZD\Z $K-c](ڱ k	G,%Oa1M(rJwN|tn\'n|PRRïr}n}+ռ9ãYFp/64yd\r0W\0=h,|]4O0g-1Lh+b+U:u*Ohy\\|\0O\ZufH4{nzЧb\0?DOl<#1+H˦#NDsiťxhrd.<ҟ^zȊl݋Y`X$sZJ.A^iHeK:J* Ns8z9VǫN)ҨNK{8K[fox\r\\-Oc?kNK7{Yui_~.|HQ$;$V.цwAwYcV@ͨꪃtJT.SsV\0P=Ikb`3MpYiP`>Η˽!K9UխRD[xZOmEd,LG*ƾO>8ɸ#$ZthP:eiVn\03;,.#r,J2b\n{.JTO9yz_?ׁq_UY?tKA9簻]l^YG<\Z޹bӯ\'y.ڭ̟fӴ(y̫V^Vf~\\xkiox;n$1m}$爯$H\"4ޫc}$W+٣։?0q<YQ>kgD{v.$C}o*5e,Q)g#If9oGF+S\'VQmJZPks))uH\0@xOq=*xbUaE\Z=S|?i~\rhbѼ;Hm.9-\\\"xC͸M9fjih[?mi\rM&t{B;{KkTtPiu֣&u	Эk{{Ix s&*FL@	C_GE4;h7vw>7˹46Ynm!ƫ[-]I^YB-V+2ȲxL.RX|D*5ƸB1E[9QN1ظ8%?H\0r)xhP2(a%6t1)ޜ93?fkƭ).jP|)/\0|$ZQbY\r>׀?:M6kmG>y&EB\"kfkk\\=7Q+\n\'o|xSOu4o	6Xi5ҒK[v51.65۹?:d+|fu<ƲG:i`sJNø`<6:ڝZNsJsqݕ?0<p-&\ZsSpJkɰUgOɄ\\kWǤbIsuq3/,Nn-\"?yN\',|Kxŗ\Zc5G\"Y$O4+Ɠg؎Af>>٪[xoo]J^F#6y{Ó_ğ<Vvw[k$:&kno5\\M!򤹱`mBm6u[EÙG\r:J#9Ǝ\nM9COM7-%%f[8x;ֆ-Pb_R4iךZ(?Dv7:CǬY>d$2H\")Umݵ,<5ݟOӬ.lkԱi~ןϊ4\rP&efcszZ\0j_|\0|=l7<;&]>)nub7v>F4Jd0=sk2O8=;s^fu,\\WQҞ\"|)얛rg~ f8rJoM5j7gNR	U嵹nfgSZuMp-º)mpdXX$EE\06zޭ~ϟ	m~%U^jViApڗͬV)|:mڍ1x|g7s5Cyo,e/\Z8XjD<.ѩ|~\0{~^&\"FNI|%kjZ摪Y~\Zͤ~-wqqgksyi=E5/UQ>*N\09ޜ%7}wJ6ię1WS̹*3T_=(gkGOX,ϦkK\\~o|+o:LJK?\rE>O^Zk-}x[]Wկ\0!7A6;\0L\0^\0.5{UubUEUMGN\nئo eCr?\nޑR/|HFaxVJK?CO!|݃bWv_|W]v\\NY\r\ZMăE\ZūvZcE.;+{KOO#	r[eV6OpK缶{ks)r1x-ib\Z\rV:g|U㛏x3PּK_-/S\"Qi<mӥr^喿_*7<~?!Zkӧ?9XRo4CűxPr<SZ0q	U?oEiCsXXݛks\01xYdis<U_z\0?H!msu3xOY\0,4\'4S\0vu*CH=L㸟uejn&PafEbn\'<UeOS0MuVU)(|I(Ϟ=RoRo	i\rWQſ\'仟2K׮m_\rź\\f]tvJx>\00߽lu\\g޿]omQ¿wK-\ZğZq5\\\Z\nvWŹ!u5|\'!I5K.͜3Z}}vT!\Zl\'~7?)nkfgoF %8f2G8#r׫357	~W(P_^^_?a?//$|\Zf5;=ISYw#CtѢ19GN{NMGyod^[Vk\\O6ݢ`dbB1Arw*PR,dOk1,h-ȡwؤ\0x5B]/PciͷUH1-r|2^*R	&]vooMb>u}޳iEif=_B\0<I,[h&%.a?e\0FwGX<?Hx/e/o|>оF\"x-#AΎ}_NO:[[m163}\"o귈4+oC\nX:u,\"Kh8.!oYmݒ6yoڳφ|3iZmH`F\\`GFrK&93k/|DxO8ΔK	YFxtgq	?-M^^pGq_R\\7*rbyTԕzVeV\nHҾ-~\'ֶr\r\na|Kx\\4|A,a_d{q<#Gn͊\\~Y|wEC|m>Iݣ2:PX# qwZԒ]^m$0XsnL<me.e;{;8SH#b.>2[ȶ$ӫУƮ?.fe1SSN|0![wOpVX&SJnj\'IB~+\'k$|mx^>+MW|U^t_ƭ:%HYP<饎\n:\0\0<e6)+g|oZh5\Zv4T|:Mz6+fH\rϕ__#y3e|{°[h̿²\'X}[x	,4\0WeKe^^v.\"O6~?\Z&Wڬπ,/kwYBKo=͕\rs\'IcI}^3.pYBLʔhc&Gru\"REdxepq33Ɲ38(KXjtԥZRp>]j|UԡԵ$v6\\O35qF\Z[&B@4cp5򇇿buX<YtJKj٥odIeUFJ:ƣ]6|3_Og+XkbzoY}LBy1xTWm|A5n/#p!Yp\nVaw+UzXuYWF:U675m~_6}TVs*PI5tz&t<\0\r\r|Rkhu+HaH]4BDdhDk봊+1As#k*iulm?>&	X8.-ԕqj^&{СZFo.WuWmWΙh^ ia\"5F+}#OyK{Kx;D<MsC߀x|\"4ikmަZq.=3#\0=v95e:SҾ;2柹\\5\'wFڳ>;.V*\'+ƮsVPhJ:ieAI4ҒƋ\Zk:Ab/R+٦VeKyc;vBTɷr\0hύx}tuºn+$?d\0ӗathg%>H-	ؒ\0C\\	PwnYc>io\0ֺ\0\Z34 6VRȒЯ+\Z4!B+7X\0^xR8T.JUӄ\\VmZߗƹ\'՜)QRX\n\\}N3D`NϨy{s8\"7{%nI 8~x3[)oiWGцxM\05!˄׼=k;3\Z3.%\"g~?</!M\0+]}\\s_:|D}|Cm`ѻIBC&Utg}Q1>f9v*uX<MJ*:+Ru(~qØJ+beO/,,)Y\0Qί,sV_Mןm/|Dռ=5ti6v\rXkzޡ2luSYf~_\nx1g%G=켥mŷ!}GG/BSxW%y#L;+\0Uխb\Zŝ彻kkq-:Rʹ?\r~ VSis\nOkks/(4\'/~,8!ͱg(;SkWe{Shodxhs<x|Na5\0ګTsiqM]8~Wٿcɯm8UhaD/39B77;x>2:|Oz\07C]jڅ躾tAik%wyqY\'8\0E>;xÑA<vMkNj2yY:5ڽܭ63ʥ#bJgMsOW9D\'GHʍp3ZÈ\'ᤨNNF3o86nezJ4հQQN*i_]][{Kmvy6\ZF{\r\Z6S	~M~_iZf$iɴ.9;t?(<~+[A-\'1{4Auj\":<1օS@a%󂁝$:n5]tFvRTrhN0VXf%NZm>շ|X\'(ǈ-Ǘ$#dz荑W}sק\0ף7Z[)Kk1-IHd,3ڹ	jl|EZ~NPV]y,ڄ\rZ˸yJ|÷\0:<#$0-XZ{Fvm[i\\*8(~K?\n`xƦ׃o xE/Mmd3&M:&g)e{2e\\Çno[E<YR[T {m}IasʆKG:­\ZTΥ>e}]ߴ~\ni/q\rQM6<lB{_!!O)0~ts<\009ktg_ѴSum^-mO7w9YA#\0eŲxtm`yM,B,<%Z>#mgᎋ+V7\'I?x6m7_4Oz(+yL%I??ș/>#q&?xN\\]iSyZ8L5)ƕ%+\'%ug\0H#?=GOX1U^>ʤꩭH}g	5h|@C|%֥ǫ~m.-Y`%4Zlpkq,G +􇀼$zօ7q~(xVx_R>!꺽-K_[j#c.R(t[E#\0\\I\0⿍m3sc6/N67IHٙgsN_GWIh|]≼1H\\]N<aN/nっKHSOWy)!x&YCC%oR*QVmF.Wn>05]Y2tҕ|&[C,&^\\^4UU5^&һg;|mMὟ໵O_~xI,[0&nY\'_:[Atńk%s\0/>?u-=MGxuwQM_Vզ8bx,\";x?\0n/Sz<9~M]DmLd)oրCqgJM~I|G=R\r+aTU7fX@F-V\nD\Z\0vgs,f;S;4RyŪWSn1QN׽_Sxwia8w&k0QVԱ86U9zL<:O^;՞:{Ij7_h.R;gXRI	.D37	eHԷڊdvBy\nN&3WOt2Y#/)h+`t+OxZ-exEXea0f\' +8kkLV?<BVC;F>vퟨ}\ni\0aSϒNI.hS2qK?\\\0Bwq5MoYX<=h^Hb|uLBH򲿪GԺK++{K}*I<Hel?EK7ɓ|\0Fw?K%h\Z\0ƏA	ϨYe_	xs&e,mOz.Py7W~dԻx[.[+kRމ%Y-bc>M(\nVBfGs-y<qx	Ld\Z6QrUNX˳=9Wc8uNT!i8ъQR_|jў女2M<;=bgR`pg,P1+11D+)AܓB9PwS^!-5%Q`C}ȋH{<:|46O	B^r(SlQe2!8~e4=ʸ%\rIu/us0͸iVL2jPqoNgMdc/\'y-rɎ]smw(R__l<Jֲypںȉ#tl7)dp~U,v2Ym=`QżіGS,{TYw5_O/||<Aw5YZd-\0Jm\"0;/deKb\"ڊ7JV6>M_^۟E;r\\՚U|C>T*|\'yٶiWכ\'h.,lV\"TwuWěm,Ѩ\'t[үn$o#hK[%- .u==mmnIUV[tIu{8Xg_NEf\Zl9mOJ]f\0=?mV~\':^4/qiir-fKXTX$xM]-F1ة{ЛsƛwR#u[9Ö߻џpKۋ}IOW{ƝjTבӒ/z>|9[}<oo7}3AxZS#,\0ex5MI,[}XITC>L*D\0u|\"R\Z>q_hkc	l#>i<*\roQ$ں23L\'!YB=]/-uY\ZZblIg_q%r|Ib<98QUӨ4[m[>\03\ZЌ!f>ZVo\Zewo[|N㦷*\r~\rgM\"`,4{;;ZX@7<Θ\"K?:SJ7UZ89g;ͬǚ\Zu{uI4;g=Mi$q\\OڃmYDIP,ȩ见uOmamĨ(XIc+\\.TlYX2QrT\Z3֔iZ絶>9mV1N,~˭$k~\\~Η/;ۥRQ&7*Vof9,sE~YxG×V<:\"m-SS\"N{\0e\0z\'i\0\0\0\0HoR1jjd2-.LEL/}o;ࢗ^>+HookBẇK5|, vutVNy߳{KRռC5ȗMZZfTy\\\Zh_8m5[3GtwsHkXy<VDN`Q\n9S̱z9ky{ѶnC\'̰Ss>xT[IŦM?cO#7 5MFTo}A7]ePFmUXHT=?\n\'ҵ>5=O<h*Cbpƹisp*\0E%j\\,zv8h\Z%	MqgedʈnSm ˌn>E&ռ/k#$oni\ZX\n&(RaӡB g|n}/jub+RR,.^f{~6h߳^+˱5\"/;Y29\"GɓwOm`!tK[K[/g+{i\"ξtӋW[h<-#rgi\0Y<IB졃ƚol3]^#Kh!}FR]rmB6hږshZOi\nOng tJ\n|5e&;n8r/80،0U\'h4O81Xl	U84m̝Ntϳ|DMOĳ^éj1Kheൻ^GpW欮.Y\r(Xm+_:]9;H\r x%eԃ!!.QfX{tڭP]ooBƤZ:u7`]1P?ex{I&d}gV+)mԫ{<G-\0&(xa>4G3~ו\Z?qv3ܱѣJt8ѽaN);E^r}#ſ<IxڅAZOw:Cus4(uDE9S3 W[K@x^1fOɧL.mhLQQOd0g2 _>/|>խM̘[+k\r<d	Z,7.\0mԣg-cٯ&?t\0\rj6v:6x&u,VvK.xmt2K6H\r\nHq&}TQQFMƝ|L^6tc,g1JPcZ2<nUue8$ی$z|/G,4~4X)RF.$E2?<Anx&U\"[;ɉ򈑏K|6A\Zw_▽C2\\ȦkoHc2WUDd+Z#R׵SYn./Iw\'LDgfXP3OQ\0ĘS\ZTV\Z0i]n{ꟙgq𳀲R3PiVWyBI%fVvwOM+Ӽ+w!(Zy,lՎSke$lÖ`w	aZvgTpQՔKnAk	KFY75xcc5:5DھK;-JB,><q-`c Vv&L3\02>%fqv#-QT%02[YlN\'}Z6	[U\\L\'FlX_\Zqwn0ܕwn~x|pڋ^=&/=g9,`|C4Plמ?K?aφgj1OaslQ1lD){/\rZ_qyC\r~60:{ZP,E67Tc=ZT^1[/Xu<Gh#hie\0˲jphw3[yb`c`qQZ=\Zr}Tfi=1ƓGofg\Z*rѨJvN;rǧi\0f,ҴۨeH\"_S-u[)z~Nqu1ĭ\nD\n|	Wnu=_Xu)JT+7!d\'q2昃IbvUqk}|R#V\"h#[fVY֍ȕ}U-ѕkYk}wPԙ\"^I\';mdv9pT,,RM;sm>Eg9֭FBOъetǠ|:Pw:qǉu[gq(S`&f\\Y)ʚ\0|koQ*y}2XϞc\romj]H>mM\nOp,*哧\rxK$Zz&IUCHQ<~p7\r\'\'Uu/->ǨM6CoumZim<dh2$rc+qeN*F+TjQ/\')EuwgxtxC1ٜo:WkTR\Zq{˒j[K*ng?[اǺZQ>FX9h/5c,4Ds+~j#dy+[xGYʲ*-W7\ZΓxmkjPɻ}g@eJ+^lH]>U%]1乔7ڄWOk|\"o/ug]ԭs[]隓ڼ*J.9\ndV;_8TS>\"[]\'on+RjӕujTN\0|ei6VqxĝV4OsgBe{\0˕rr3+wn]ץ0ɴQ\0C`ece)݌Y\0dyk=}\0w-ŎvU).u[..#cֱfUrJ-es\ZžzM#X	H4h$/߻gX~q>`a輎ڝ_hwAwu%.mX-%kGc$_/ĭ&E||е[@N<z\"Do3LGIfpCm5aT%tۦ;Ij迯\\AKQxGDy\"ȟ#ռ[3pm>h%lp<}5)fD}]OpX84{2g>w>\"Ҽw.oq|C}9J\\jޓo_bF-m[0?12$~+Y[ºϊ|!gji@.-:ur,SxXֱѴ\Zڿ,od|ǯj?_xfO5C{3&v\"=jMrv6ք͇W2: x>\"\\[jk%/u	;c(&-Ͷؑ$.C*Ķo\r֧MBa3I,?$--v;Ww	XٛA\nﭭņmVլTSSּ?sxr?2?4Huc$\0;yul4q3Вk_\0J8j/*MwVr;#o>!5ْ-žt-\Zn_x2TV@g\"m-%@\'r2V_o\"}?Q$,w\'3Ayy\ng.M~ͧmu1RNI.|+O^ڵ4}Q^MZr)?}M\nG/w/]Ӵ,+>9K[xU\'{iiBWxrmf3P[者]ϲ*U]CW.ka;_{8_^:WW\r6[Ҵ{XttwuaxHd,>-|m_)&.5iK.^QHD_E\rfls+oq&Eb-,l&/\rLc3j6vTۼaf\n\n|w\'^Ka\r=ݣ[R%%o\rҖyL$]{;8ЍZ9&U&]QQ\':wW^+#7g\r𿆘>\'+ѭbsF9Vļ.+V{\'tJ.+ݏ3j7ߴύ>&SNFuw-jksM[U$b#-ECp#EC~{_]]$I%Ć8a؅-w!ֿ_E=tȉ?h	$q%.!ؠX$Vi6$^y{ᇀ-EI!ӮM\Z7ǉ	x3YnbF0̀\0Idr~1~[R9KAN%&RzJڻG[sS؜s\nU1uRkЩ+Ti:|%_/Сgǀt6]6=+G#%24Is\0~ .{y2\"[RVxR,~f$ly#wW\\ϦGM*(O?O)fCd;e.|@Hf\0muM,\ZT;+KĖ\'pqW\"դڳ\0)pf]_XY\\F3QGJXlLb15T0$ߺV?YJoQAX8`4Ѕ<vu%ZQgzQs?	e/TѪ}kaᘯsCMl4x7^M\rq7a #Vf|I`[(/5p+\Z7+,dRM&ݔ,aBL\0?߃-6xA=+SE5l\rVNX<=,Ò?C5G/Tm$;g%ΩVvNC6I7rwKO2:Xh<6	,1m>\Z~[/3˰9l*Nxo2uVx]\nXю.ui9-i6gߴ5n4YX3,ЩW#>Sh\"[\Z10\0w!xdaGfy_F3ɋp?v[%5EV-`\'ľ2HdX)$Gpd$G*#-nJKmXKJH&YX\0!2]0ā/*xgTb=ZmZzuVcx-Fl.CJ>ޜR+|lCԵy` xd6ӓf5id;¶>=<\'㯊_\0◟\\5˻-?jѠLPE]kJ0cZGK`XP~՟->#x\0Hw̲\0g-$zm>(5LB\0#smC÷o+mR\0H\rly`E+gY7vkܱ)G\r$ɥksՔ4\\=i7kv;yN\Z?8ʕ^I)BiQxYFtЂ6I՚ZSŚ=pB-Q{\\\\K5^u۽jH3v\\,j\nRR~4`G<9wgpд3T0BZ\\m`eC,yKo,xZ}qkUս6qx|^$m_6u-+NU8H\ZG-ѼS\ZxKhegVk\0kgr+%דku?U۷.b%֎hZA\rV*EHfR3*HR)H\0<r{m6{[<*Hn~\nXJ.;BtG[Z_/}ϫxr$Mqs`bT۶\\ʱ@,3( K)GjdMumOgRu{]fu\0_`=-X\'$gn|Q,z~NEZ]]wvd5[ktIgYe3\0;[Π__hY01[?(*ETk{J0]k4\0Nx[MOko=uW2ohڃ,{*òx6t0&m!,~\\Z]ôuG:W\0<,Uh|S=\0HY]H7=KU˅d.md!^\Z/5[ZMymu3/OV+u<QD%7<={봏wY\\Xd7_CsKrr7wd晩CiEeN7\Z&Ѯ&+<vV8ko7>,\'bHӖdFxwmedLa]xXmH]G.=}ݼa]ӯ.YK;E\"ef~h_ϗ~!xrJ94eMb^V[,!UܛpHdr*>߇>3_Cs\\i_%#w1٥l,H	\'Q]jw躵՜1i3aVI!3)2\\I,(fZ^R!|-imnϨMg$N\\\\H`1\"iE~V>_\0J_3/|=rO/#6̾|$޶&g%H;3emyu	!;cqp<r\0x\\Y$Y^;D[ggRdmdIm\\7o43M5\\$P0GٓN!glݨ+F+N޵_\'61<%\ZT~tywۡ{\r2Ů/ddIml^jM>!ikEm!P@O%\0/\n1GIT]֥oj:k2DKuH\ZXǟ~Yio.xCU;xn[5Kqw//͠V@[L{_VK@l:uĞ%Ӯ h4-V[8e|5e\nXc?:+\0jr`J3i_]=olܪiEH괽W\0_!OE묟}=DT2\\-#2}tk\rG+WJ	0s@;b2X\0I1>Tr3N:m7[񎵩C\0!$q{mQi֖Ȏ4(]vxdp08Qf麖xĹ^eU\'Æ̲Vg23Vו/e_OU|gյ/[V\"{9.tk	MmWL8eOSDˈ[}RgK.m%>cBL@8]Ix,0>E+ѧ_A}\'H׃t7~\']c\\C$ξt~м6Eu+>&v\Z%孜~)Ԣ4 ҪH\nҖ\'_q8#MJvMrڥ\\%9TMouK;/7\0p4d%:Y__Z\0p6z?GQgr\r&5W!o$\Z\0\0v;\0`Q>uEB^14-yzY!1`:-TgmdK\0\'.D |`͌ȯ\0\0 t+|=Iyƛ\Zm*9,nM[Kk/@y@78)\0ȫ+:lٓqRw},~k\'G2:+F[J\'٧BZ:[\ry[j|UyYF4/OxO$:lb\0c௎\ZRǚuC,!|xJ]mגN`+$\rrE`W?\04wQN=2K;M,6	iy}ihkmB\\C0/G\'?g?	\\鶐HFIu?]8dy@Ɩn-YVRf\0seJVkrk5]jS4ۨ۴ۖ{S;]txPBy$\r@Y\\BSyU04K;ȯ&IbsEV.<qM{;mlҵɾKֺn-m1\r.eA f4wkr_E5=P߼Zug\"r, pʠ-ZviowSϨPӯm#	\"j21GkƅŸ(nV=~H9vQzu>eJSJKU顠|ؘo-/П:\r*F$ncd}\\VR{uUռG\'nkՂ5Ms5݂@5Q\nh3_	e^եԒJѡRGCl۬qm`j7V<p:*yO.8$TB\ZVgpt(w\Zsa#-aќ(\\?tj:ׅ-^Cǈ~ϮW6wX4խ-|^OV+)m$w/-dV4WAw-Z~wVu+ά|AqtK{\r.+HtM+5~l*FKOGt?oT/U[wM,[6{HGҭ].	..$UG~_\0cWmXkd.6&=S\\:LP̦/5 ҠGv~	\05~-|.<)ep+⍵ƥs?ux>[[K\"w\nLkG	\0 t[ZA,㲺αi]E\\A!DKo<Ȏ,!VL\"$O{Odݽ.ǉj?/մOCtvҠmgV]SRCa\Z<sw7c̒S.Wخ[?R$VFMA%WSS|IoF\".\0gKmxjMNoa>29OSQqI}jWl,k%s~+N[7č#St\0ơiۇEG\\x|ŧ$~mı,N\0UbY,:QN#wXZ|`MNdC}U,&д)4ðZM:>\Zdi ;4[:FD40`h!ϋe]]ѥTiR3Ph5ːܓ,E _t3;QmP#婂	n|\"I3d}3gF\0^ݫ >eЍYnnXIw2+D\0ݎ%^?Nmu}y=%Ϋ\\]YM)+F̑i^lt	kk{<WbMc%T`n\n]Ycp\0lb {=wI6*bwozV|L\'F(*OxC[nK&S$Gsjcz$Z}?1$y)RٚdiadT|ǡk-o}>$D-,|$\0o Z=T `77:lw&([lOKK\0jh>4yo0(\0/o>ew%+O\Zg\r~Zi\"{G46Js]\\Is$>#2+E$pX!t?ࣟa]Zw.bk&ɑ\\m#G\Z*[T>:f^[:rzo9%L/ca\Z5)JWJuhCWe+R;=\ZOGgq|fePIf\ZK0>,)ʻZ{na1E_g+_OB</\\>0fn!	SJ-Rݢh{iD>GsRڴ/%$	[tJH[iL ^\'p|&\'Ļ}j%џ*o-3}X}.i#YgYIo$gOp7()SUU0=Ȩ:)IZKrz߯o0=7fX39QJOTE%d~~?\rU{a4>,g--t \';eKtig*xn\0~x6O~ Ӿ \\kڦi~\0`hi\\[-%!^5fm3ۨW0#_\0:>\r4&Gx+뛕h%UѦH?YyjR|O]~(t{	i\\\\h:N<v[Z<s=̞rrxIW3jc=1y^_˚<jjB;{;\0kd|K|92WOCL\"\0ֻյ\'J˿W+M/#]uޟaۇq46JWpbLy+@5[.}7Ru\'\ZUpgw7XMsa\r_5\0?βxSh3Eo}TLJ5@%?T$EH*5}\"ԣ:՟.KYk%s1,{9NPN\0Cx8\\NEndIT74.Y\'N2\'pysa!,v๝~Oq!5+o1hM:[ѵ-7KmvPɾVq|=յol[\ru-Mcuƫj(6Modl_fW5|JtM.LkKSHTmJj\n.#F-nZB̭W	~8Z45|?gim}}ieΜ$&${%Y	&\"\n\"hN۫mjؼ5Oli-V\0iMxefnh&4m;I7&_Zm= 8XO,e};U]CM{c5НHӍId庂FG&;\Z2#G<[~@j6ΑSk.eɭZkre>uɓ|gp}iŻ]>[&x<fWMxIƧh#\\XjofEVU e^}o.$Μ\\?K?x^7nSMNgH4WV\\X\0.I\n\0WPL[?H5o\\^!(]C\"vGm	XcRJX\0*}<ϻB%K}O/sCEôϜp;4L/Q߉4־m8x`73//#m_rIgGPY(7=_G??O\'h~:6,/]#NVk5;łQg\"KUUb|\Zp\0\Z-߄WRs]y;Lӣ<Đx\'0Ee$\0lO\0_!\0|nW\0Eqa=z};Htih|l|2\r7IxL]w֞¾{ՙGVv%f9$(!\0\0G?䏈?jo\nEgdx;xp;\"$\r7,II|Q0\"]M\rrW[U\'}5U_P+xmW_Z?GHB\'K0iЬo\"-ܫml\"*W9\0W?7N9]}Զv-͝,\ZMi#18§ONy/͟:ny\'īFV8ee҉VS!T\0LO>mR%+>(աA)d	.qW\0~\0o\0w*p///\0>9\'Yje\nDܠNɯDws,h]6*Ș8# ڊ+<8\0b?$~\0U\0ԙZ/uWPUT1B\\\\F@8cځ§0W`H~$*0*<=f61(W\0#Z}\0\033Ww۸}ͼꚴw79}ݳZ\05YVuME`]nXVDf.v8`8E~\0s\0ػ/\0U3+s\Z}<[|b𽞕w{M?[쭦6q,1E&w-[qf\'%	3A{`fA:iH:Fqw @*(\0?D~w\0x9~:x_.N}\rƟr=l;]Mi)h%gHX-\r|\\]X4ki|cs%]Hd;9x7.3SrhzQ<Gg\0n\0Q8i7|U+`^_9\0&\'4QEui',30),(13,'Tomat','Sayur',7000,'Tomat nya kaka...',5,'\0JFIF\0\0\0\0\0\0\0\0\n\Z\Z\Z\Z \Z\Z+$(\Z#4#(,.111!7<7/;+01.0)\"(003020001206.0000002000000220000.00000000000000000\0\0\"\0\0\0\0\0\0\0\0\0\0\0\0\0\0\0\0\0=\0\0\0\0\0!1AQ\"aq2BR#br$3\0\Z\0\0\0\0\0\0\0\0\0\0\0\0\02\0\0\0\0\0\0!1A\"Qaq2#B\0\0\0?\0xΦAo7UyTNerkvOjny6ǝtEor)qc#S\'Gᵥҽ$Npaq#(fZ(BnjHRq9K\\v,b.\"ډ}h,gΆvc	vuPq+Mcjxν\rkTsaw⤼ϠM\\AVJlFf47,۵iRAEQ^*|ONzW(3PxLs\0wIzSDF;v0WXuИ%<8;.(\\E]L1*\03Fw#XXlT6\ZR?imcfWpM6҉޿jzlecʜp9IX8LN_08F\'̒ɋmk@vʉ	,/WO*𶮳e_	Βē\rR]{Gm3Ğf:Ҏ;_[iMlc5+mҔI-(4X_8he@\r:z5\'\nŶr$h+ʶgRҖUm\\T8A\"ؑqZwYG\r>|B*+8j;)Ȗ8.[mAϰ8/=DÈо3(񮢋0q\"\0*Im3\nE-/Z	 -x44CKl@\ZVTJ,Afg?Eox2iZHғ;s0J1M#|)\\\ZUk9b8$Ԝ2}umEk\\A3^Y*4S{v-*YSSpxϘ:$iG5PXږ\n&nRT{vKAȦD4p\"?Jy-D\nlOstA\ZRo}#]Y|-y(rI1ĸto݃j:e{-QTsݍK[34\'z9T049i:uL|(VxCڇ -\0~,;i[zg14M`m>ݱ3E	s@oy`0!\"Z^Si2\Z.T51Sl	Γ&-r=giXU&^i8\0(m\'cJp5M⛈rdn0Lج{_	\0Iیx䅂tҝS8u(gb#N0XRsVj73X eizH,^MO\'0ŭG`ӇcBԄΞNvC:DԨֵT؞k3qsA5A}>TX[\'>F`7pYn \Z\rff^\Z.eojF؆G6B?*gc̠Mo1Ppr\Z(%NVUݬ.+G7.X#T[pJNqۈqN`\\*ۉ$%hwTx*69s7L\0I6hMᲅAE;?mzְeqh8\'VdrQ3I\0Sf%gCE1qsUXd0*!/³\0kN4hmf~1*q6T&j;e-R~\\`&LuPW/4ٴ2Xj3wg2t*UFT]*@%_J)\0\nZWL\rD8[YH`\nk%n)}?4r fiC7(>#EŦ^|;\0ĪJ36qWŵU0f$>z\"[\nOU\";pNg@N.ڹmV+!U\'iؑ\Z\'DZV90`_QpFVbR\'AA5bX˿c5`!@uNd\nNUv/ra؀Bx#*dQuƖqEc҇9\\OCŇ̻:ɫ*r:s^^F\'ȥp\'RᖆAUR,M\\ǔ5B?f ~=ɆXYˡ<+ʷ~ .ʷ/C[QnkJ-sU n*LT1YRw4R݃LWp<IAo2cYXs\0u׸>?$h#L:`3$f7ʨ822G֔ږ\r	z|%lMiKYs0uRwn;3pf]nG8EAh#S\"LD9,\':!ŞSq&\Zߥ9)Bvάn\"<$Sbcei1xQa֯^3(Nԏe;\ZetDiYU062{0۲2BH֗1XSjc$6殔CQr]HшD@aFC0(UaU\"L\0aW&,i|SOϪ>)[3r	RS,\\DhA:V0E\r\'՜gKJ&+0R\ZX*\nzķ1y`**A6{sKRB`\01\'1Xai{zv7W`@4chK4!;<X]B|]8I*QVL;j5Ҽn@V.\00I~u.7brb=ݫu :}@JvFc.mUڽHמh#ʀżXG@21b2-:Rlh ofi7$iOh*,_]zʤ/&S?efn-V*Uծ-lڳQ\rFa.߼\0$St\Z(K7ֺͥv?Gb`{V.\\ \02F@I=cҍYġ[R.ʫvx,ͥOCrf<3Nmr\0>@0û[yy|_,(֥K]l*y[-dz9,bHڮuՋ,I\0nhJʖ#&9͔\"ݛrs:T©p4^`c6( CcyһS:i$x:bxA7QC]DO8\"x\'[|D:Y dRղ4f 6zl.CHm}X+Ny0 G:A,dXFPɞƊk{wO2a<&vo\Z<QI9[\\)|FO*Bjû. yOִ6,Ǹ=yӖ><[Y˵{Ix>1_*~ddxxRa\\k~r~&8r1Z/	@t_aD.w5rr\0V P^\npVx\n6Pd®Zk]\0tJ\riph>SV!W!-,,r:Pl~ı1#)^t[{9\nhSOZ1`03\n ЙM -_?_\rw\\wv$2jc(J2j</f\ZZdt13\"=ML&8 j<`ʍE,p(ouA.1J\0@<\n\Z>G΄H OEV,þIC\r\0Rl8w(\Z\05DКe,w)Аyk`,K%nDrpz\nk^U	 Ig@|M\"Hק1 ?JFXc@&?J`wI\nͨ?֓f4ϸ<<\\,2A2yJ\Zr&O&C95>\\GظoZmωFǧ\Z<UvDD<OP9ao[{mn,m }jiqÂ̪7bzhX&f{ok\0AIX/*qv\0ϐ_)Ea{[8{j[%	2	+{?4pVpmю=nM̞iBꜨ@~Jё&|EƸ[cjK\ZHіyT˨,	PH2*Aɶlq\nn/wT(LƚLA^\07<;tVێJ@@dH:`1t>)a	ؗ1ϭOr!S@>Fq>-ii݁Ԟ;)GpeiD\\RYhoRZ08cѹ*btuW9\\-\ZSHlY5e#*w*VL쵖6b$\r}\"$ʲd.w8E\ZW[u\Zj>ڐjWQq9r&]G?*ՂF@\nPSozԷYh2=Tf^CރvPqG(>0ǟA-pD\0rom \0NPy؝ìn\'F9s4OㅵA.~Cj/1<dcUA0>t5qi͚A9{\0!i,,\\NHڛ-Nuf:n{)*D\0y-$f>w2΃m|ꀧSNUiAf\'qnar%塸0__OG\Zpͤ1Z%4|C(?ZdNf1>֝VS7wkK؂Li]xdmyϥ*v<aa\Z~HS>i9Q~ 0g<On*,EJZεw1ñy:gdzN~qIsΎ{ÜIso8^ajBZ;5mjV\0FLs^jFt?\Zg2ZܗKlN7GGK7/]\'6eBI	\Z4{1bY_P9rN$*YZqs¸\rHaЁ\0o=logm3[*1Uߊ0hͦ馴;qNzQ|=v勹S#,=PXwV͔1\Z*)JY\0TDv Jb>xi\r?E\\)U*<qV-z6Yy:RP	L;ӭ8߼S%ʠ/\"k\Z+ԁ[\"=R`oMi. H|)o-ksv#ov.i,	+*.F_.U\nć˥5T,ڭKCea[1<jlYzҜ짐jKe]@N(YvLUPHǷf	GXOȊ󮣌tr%wrxkWXA*[->h(k &cZ\r\"O 7\0&\"j +2|yLWījOO~Lßº]M:v?[l۴wZЬ&80P>4鯴՛MԮ u i\"~iM[=e1:P>-Lǈ.r3ҡ9]mIƺI\0\0z~Vygh~cqYM&D~0O>%V\'0<;\Z隣\rє}tOʤk¾0=AI2hA*2Ӱծ|xd?$^piǅsI$jcpOs08V8FYD06+7)K}\0^A\r}Z塠Ѝ<kbf\\;kEr@ި0Οn&ӳϴp^ZOt(+v$A-C\04\\($~3r{J5*7A9Td]tO~VR%EhFb7mna[Eϫc;2aܦb212G8ҪMcrq9\Z\0plؼ3Ȣb:O*-\\\\[++B)a}hOi;t~\0\\uB0go$-GQqAu!\Zk箾t:,Zs:0ԑˡLn\"iy\nʹ\0:ǣ[RY.G,`~&It©cp/[Vf\'UHneRYAq|=2\Z{|B\\]<:@#M9Vppe\0#F:hm]IJW<vGX@<Wxc>1Tnc>T\02%ʣ{W	lNPyE^y]L0#]rZ$^l2yƼދbЃ{\Zb,VPP41:3Y[k\\KyD-t:m>sUl̶ØOwVqF.\\rZ#IiOw=rι{I	&Sܒ6Ð3xS:ڎܸ\rөE=H;FN	U^!Bi`jfe@Ik!sg#Pf\rnqfhp#+IJJ̗ \0:g˞!jِ$I\'s^bP\0d	cw[@*4AdlUP5ꨀ=0x6,.\\:7\"deᙪkZq}\\0{ӬlGLB\n@yҡ1):,/<lG:uo<[ocIT,XH5I\0UF\rH\'O_.ZT8\",2a3fhRdx0\"f̯V\'vTG&`\n5ñDEWdEЏ\'ϕG<O\\\Zr#3cHN\\#h\nX\rz\nj1g-h#2~>%J#kvrN>DQE_NUUfyc#N]VoJ|{С,\0<W,ftʗ`?w-U?:=1EqCUNсRVZ3qpD̫Avt<ƝDRzǿʂB4מ͙R=aWaYI\09cAixwaN	\\<5u[SD}(<A+J\'Re|+f \0:Y߷Pz9&c8(3QlBmAA\'uهcQc&3<$ð,ڣ~\'퍏Χvt`0RN=s~cg\"tG(J\nrΌن=f۲֖A\0p&#+|MB>!@=)65UAh6+#[elT尹L>.\0\rdD~׸lP2V6#>U4.1j#߲yzrY_mn1S[kz7c\rDQ3Wn.SΠtۜi-\'7V1̂FȃF@qrq\"B3it*\Zr1Pw1y@c7E[I)2LOoΨaxbpOа:D䉶:]\\|\rs$_hru.%`r=>nn,6bo2t_ts3nf~]\n<SȴˢS75>3wXyJZ9ө_%b@\'B47& 3J::/x~jY$,i-[|q(A?h<=V.gcH34ҋ	FޣQ\"[`503g(e5Y*lm$ׯ\"=-Ifb1q.q{3WW}i/R@=Jd3@tM7vsaғ0ץ$§B\01GjddNouhgG./uLymJR|>훭rЅ;OFu!3<Tu2tfMlE#4jq%}~CL8oc@J]#OJ׉ìC7O\\X?_x7}#%X\r\0]Hخzv`\"ucDS~5\\\\sO:,cͧbkV#NkB;IJ fly>kct7#=#ҕq1	^V<kNs.3\0\"1!b3%yuZv÷{eBeO\'u}ok[\"uy=v5L\"?zEP@<0H[Ǌ%IA\0FL\0\0?\nBl,V\'u;9T;ws*l>Dr<;tǴ8x=!%\ZʕxSI]$~Y]kɐd+\0meLROC4ށp>9j,e7S\0ǂ)b3)SP@U60}Rfۺ\r,s騫r\0[d~Uq[	\00dۙʽ-Rؼ2=o[?Nt\0xw|/3FJб;drIted1]q\n\r<=\0*,e\"J8#1dБJ8)}\rlu9Ei#5	cf!Pk7X$@бmV [\\rNm\Z$fZsjm%<\Z!UHR_(F/A_x`,/JvX2ycIU@\0, qvG b\0\Zkn3ޱP<Ζ56)q&yĂ|ZY<ʅ{\'LXGnT{mݹ>&ҤFc(O\0ALr˾\Zm˕]k#p\0|ͰG^?)vړkF&t\'O\"A=#S5EOJeND{Ǎ\\T%Uofk7feZ4;5B:\'Ά8]uޞ+P&;F(dmv\0[Ykh#*PyM^I5委GZ>΍$y}>?1ipX3֎K0(:߭0pDCH@L\rק֡t$ӭ)V3GEp\09Z%[]6L;W,u>:ђwހQ&IS΁Uɇ맽Ti&usG^Qk\n/@F\r#rs|(8mu2}V\n.̠\0l\0A4:M?M=KJ^ؙnR$rTpZhtF63=jwum|:$NsZ9EgblRAzUW\r+휃6&RFFyDq`wCٸ~Qm0\nF:iV=fp\\ĶLUP.Tgᙢ=eeXFվ!٤kLUCDsCw޴[KR&v\030;AwD]wH\0xYQq]Js6t=»ea\\15v{8=nz+\\3Zg6\"2ʤH>m\ntq\"Xl@\\l,>ZAVVPØˊFp{7\"E9j Ф19Z#Ƭ:ƨt\0@cF;tkcImVr~\0tN)z:ȃ<M9Q׸\ZYwtsYL\"6mA(<06k>&}0!\r,s%<Dc̓ʌ=ێ-	o-ZP0.5;0N@ ,AMx۰yHtI:6>>Qc?=T3\'a:kTlUm\0[uk,|mkVb4Әt}*	p^r>صu5UB\0ume\nHžoUk,N]&5:\Z?cĉd\r,`1a v˕I\'@kStz8k]~&\rv۲ƇQΝ`il\rd[-Pf5\"~chUƠ\'OOG9Ub{q7M:˧-YzҎ0BsCFlaϴ>eᯕBW6Q\0x\'Syutȝ\n-e9Cw:RVx$rH&?hjx],`MFi$#T\"_ڍ&/x-h#U[e\Z}~hIX92v\0kU-vUgaȝ<^l浛xaYtnZ3\Z#ExElHͩ˿rS^KvmщЀCe}}f} %Gkʤ)a(WF\"`̆}[5]rP0d0;ʾȟ}`۸R0tampE\\p2lz]LL+:cf:y=uI[ؒ@9&/6\0vڀAGŁ,]Naˡb=ja\r6#k9u	rۆT[%aVAGY 34?j-6V9]wj_	:#MҼ+N`3[?	22騙]Vyz\nؽihŗLvxNo[Y첄𛖜H˘0?@\ZZ8e@X>Ϋ:tʎ0x@uV*B	`93Lܟ;[v;#n/ kahOpfpHgvvQ ]A_ͲtЌA#}yj/\09.0\"F~!M$w\'jײ#iC+r&3(f}\"pXKEeeRH`$\n41Tr6v=*T\Z]./d.n]I\0@[[ww$&@!^/\0P֞޴DۑL\0$\0L﷈lNF\"ʬ~%̖°\'/faP߶\r7[VhԍI&w0(\0Kjղy$vرlaSg^meo982HB1N{T3;bYNf>-:*+*iHp\'P3c9>UI0/rĘ\\ ʲgcrdPu\05cK=ʰHgEN\rk++3|J=!AhOPNyeн9v]	:׵L̭s\0=~\"\n}Ifd\nxad}.YV `G\ZTǄjٓ.]Gee3\']Y,7\"`ħNS\n4P*4Ь5Օь~%gxĳ\0p̇dm|մ?:VV4lka܎\'ʮq:&%|9+4#)g}+(q^Z`EsrcYcd2x[R|IG8\'\0#Nn9HA^-\\g`YdfpMS\'Օ!&+)DgeA2QeN8\\㽟[jq6TjAo?Nm67ᥜV\"v\'nKkmA#-e܁!w:0\"ˇ\r,ȥDLjiN|<͵mφ~!:yVVT}W7x]#bJ2w`*tmcr!s@ЀYNwݬLn/,˖ѣU\n c{5bEIw>ʍwӥeep13<\Za+{A_D1Ee\n |0d\ZL mll[n\04kr=++(`O',44),(14,'Mangga','Buah',8700,'Mangga dari manado',5,'\0JFIF\0\0\0\0\0\0\0\0\n\Z\Z\Z\Z\Z\Z\Z\Z\Z\Z\Z\Z\Z\Z\Z!.%!+!&8&+/1555\Z$;@;4?.4516+$,646664444444=4444444444444444444444444444444444444\0\0\"\0\0\0\0\0\0\0\0\0\0\0\0\0\0\0\0=\0\0\0\0\0!Q1Aa\"q2BRb#r3\0\Z\0\0\0\0\0\0\0\0\0\0\0\0\0\00\0\0\0\0\0\0\0!1A\"Qa2q#BR\0\0\0?\01CE#;(3<gN=%sW+w\'=R\"#;H6n,;,(Ub?95\\rúoru6_jP,5n29CËIĤܘ1kmpY6*U_x5x\0ni)ݤ#eV$5f0;Jy	CSw\\Ycȶ5Y囎YrJ/(\rkyܭ8TqiS({*XÍLDu`PQ-?I]#FppN0D\'}.L^m9&mvX|f`q:tyT$Y>SrF<^SJȼR;}!x-\0!t]w-^\\Ir8L5\ZuN㺩# MXu^#}ÄӍw2yg]<خ\08fb}X|3=[<Jp\ZO|4-c	\'b憼[/-2%j1eg\\=!n;f=8F->8kUoM{IENʗf!V-sgۖVml5BSďKo\\\0mț}r}:	cQ+nrRQbG{#9\rZX8:)4]Si:WDh\rQĭ\0i29\0wKNRvpJeotZ62@8p--ArGH&%\"$fCڜdTW#fh=cpԂ2\"y2vC1kѝ*\rS\Ze-\rhlFr,F5@)q;F\0~B\n\'8vT} h3现3J<#,bZĴ58~wؐyrk>{=LUxMH\0|oFrs2q)D$Si1\0,`uߍĳ2L0jڢE5öď¹/3U]PA\Zjg6Lo7@\0X8|\'pUUp! mjE9_E}\\Y%f^a4լ[w	ub\0AF״W+t39U@_tpW/ɇUs[cO;⋨Rs_?Iuyͮ/dL56cnbm	VVrߋ{? -&e%]z5!\nr[F%͖Mꄫ_ ,@~#ՄLN=V\ZӥͅY3\0:Oy[r\ry,|D$&./i112YcyǫD/0\'9 V#ǭMeHWIcBŦ~JbU7,uu;m~s\\LTQN`Lj2LD%϶%6s]\0razNغGy>oS(mRyqQدfy:6͇.|ťl[\rp&rf)aˀqaةs9~Klͤ\"X2E_MR\05>J\rKTX+{EWn3\r⠧rZgSAVNMb\"6.t?%MrLٵPD pǾcm\06#FvvȤbIsꣿ?)}go<&٭YnNj~&\Z<;H#gqB;IffdWcE.Wt,i >8`lw~,=MB\nؙKE:\nUO饏!8䂠LrC^4մJ0y\nîWeJ\n(1^WL23<HeĎ4bĬpI٩ÁAٜ\nApyj:Jh6?\Z\\YG.1NcԦ_-\ZFHAcXkЬ$tx*=I){IaV=(6m 47K<w87&ePgMLԩ2.0}G=)`M@z,PΔ?i3=~8;:<%S=KpWH	̶?ٰnS.bҝC\rDdQMlN@7#kWz-P[B3V\Z\'T󏩾kE?\0$dF|6?f&#;ng	|YR/5HeðX/J1Ti~5,k)U3W@wU\'@ez\n*_ķ7>fw`u9mFDJveS)NyS=̾F׋6B.X\nxp`fmjIHH,Q+y09;LV4jW$W\';,l\"3fYqx(G[|OKwǗHV/!Z9^??Qhb*XG/\\L8~Ӥ~qJɗ7ܶ\0ӺUM -E(r,U1NM9t4yFSmT	 PIҠd$k]ݒA~rK*ycm8QGXpgp!Hıfy%GK}|ߧ%e]\0DP|0ʉMWAcxEjh/\0,\0l 6Hjv	@s\0F!Ž\'Q\nbc6ȣ]Z?yoXf>S抯k}>mXk rP_{`TU` Z\0d}X-̨孇ÎMgиz!2Pq	\ZS6e}ή*89RIӽbj*-𨽯~f<|<-UTQeP\rSKڼ97Hf\'Xds$;MӴQUgOM/]2e;Q1ʟBZ|5Gl-GXaq@\\8C%%w\nxN<@qZ<M~mʗC1o8N)cy$| [~fƒ9Ou\0\'n[(Yx5\rЉɧ ([D{W~Й^׀aߕ減 D:270DՂ~U]>ũIs|y%c/cc0xF\\PND<ߓpH^\'D_/|s6*}a韬%))\rI_XU;G6&y4ܽDcwt~O[G~ yHI\nxn:8*\0m$\'wYC=ݍR6zΪʏ/ktv|gP-ITC*uڸ_<m췥$;RFgu෷_)ieu4d\'|<3HoJ5zu\\yisؿFeSqİUX\\\09SV r=\'\'r6=W-*umﻕŸ؊A\0u=µ#~BD3+ᥢʽʝ`bvk]M/fDc\0$^i~wg`Hf;ͯ%-w0+9>QaĮ=Di1=*RI ;Á2ZU@&s<!AInV4VU%ߙz\\cwp	?Hu\n厯@oFO4+Sec}r#τl=U#qēgeS<ǔZSFL·NM&)L)uICpYb;t!xa :	BYCmΨ!93~؀	UyQn[qpIkɒ,U,Q[u|FOFL[SqopGQ+N*ڏU\'3MXaApI+C3rm8u[AF pNԯJ3\0bLA	Qڐ .Iڻ^ʏpw	FzU\r|MAڻ *Sɇ3|*$fOX8KSnsf\rDdA])C6k+{$/1qhXNn9ZA[l=IfR=w\n%׫}PI1_{LojNCX8VrX\\:PGQ.U\\s+E|:LxjS(\Z^?|U$psU߮Dvv~z?~^t\0)T:C0A5fbmAǴH:_݇3\\K6}*=Zv$U`RG{M0}-\0h:z[0?\\\Z1|-\0\0Y߰/uJ/(\Z7QIf!Z[)VXUr\0JO#f\rJDr0I\\J|V\Z;SSloUA\nm//0-a`4=ku-YBő,4?-y]j^ǘ<e4=G`./`ǲ26wp32;3<|5ҫ0k+eip<8hFjJa\rYQuY\0\0r\0~4ą#pfyE<U|YYS/QX0X]\0[*9wHn?j&l50_Xvac^T\Z!%2v4;TwA,Dd_\Zq*\'o`Xx%:DO&?ȱU\02*{v!Y|ԙ&9_Uݛ33,05QKee|e_y/V)3Sa[\"\0ymeB.\\!,#\\8,_K>r٬6.3k\0DTR8Yɵ3p:G8NwL[_ABB\Zg_A:uBKx({Rh!V\rt\\H^qL*yJOgj\0|v#`T]ӻL-7=\Z۟^|%\0n-]TX	dj6gvt\0<ԞfR{Q}m;\r3-18E.\0$&y^\'[x\\\"\\ <cV0#$+d[-N}DJ~tb@qӗ!*Tet$|1꧴\rؐ3_-&Z\Zȭ1nJѵwVCϘ\0 \'S|2#k56592KNަM>eɦR|p1[yĹk%n<\0~7*\nD)h<nqfͮw\0g3{Ǭ^2bEѢ+Ӱ4=t0\r79hb*gq4qE[^	j9,:jmQ;c7i9;XwCWa(1t\rVިE=Ǚ&&9R(0Vce;DnG.oŪnϼ΄$ݍN]U[	E\0g֯Trn/@6nz.lx/z6¥y&A.^%24\Z<NW\r%:tՏ1^-v(\ZQ\0,%\n\nhqW&\Z|p(|N]f=)!w`&L҅x\09>6lS\r8\ZvEzrȣЧH3rQ[:A~	E\'%U*(ht|\r^ݶc~@\09mY:\0`xFЎзF}mv/|3QJ\\G.Lhr3\0iGKKǝ:w[R.Ш]͘t#;c%׉fmC/<C%Z$\\Sqɫ}#lğ9KTbpćR9Ԟ#xieGj:q\0h\r6fkv?\0%~m}/^Ν`ysj{\0|d)0jw7c3Kա%LJۜwn\'(}Fn(IWl+b1JX~R.FYtu1\\(&,<[s!\nYΝ\0I8XP2ew$8Os/p:g\Z\"S~0Ȫ\n %\r}`l?IcJHE1$\0!\"=i>fXL*J\'s\0:	YOIf>(㧯<SA;zL.BoiG^\"R?%Twlb(i61s]L[޽,>zv#K2QE3L׋M.@=%:!x(jb2`Lu%av7Sf4SnĘև}(kpEHv6Εܝ\Z*N,$iXr.oـfs2Ez(hTiRX\0R8\"B8)DhB',90),(15,'Buah Naga','Buah',12000,'Buah naga aseli dari naga nya...',3,'\0JFIF\0\0`\0`\0\0\0C\0\0C\0\0\0\"\0\0\0\0\0\0\0\0\0\0\0\0	\n\0\0\0\0}\0!1AQa\"q2#BR$3br	\n\Z%&\'()*456789:CDEFGHIJSTUVWXYZcdefghijstuvwxyz\0\0\0\0\0\0\0\0	\n\0\0\0w\0!1AQaq\"2B	#3Rbr\n$4%\Z&\'()*56789:CDEFGHIJSTUVWXYZcdefghijstuvwxyz\0\0\0?\0w#\n3\\,=k>fذ+3jIW\0}CJ}9%xݣ\0.cs	<QrNs<p|Q<4MG?˼1Z8a\nQoH>Vq>\ZK?VaP:a@88޼zS*HLA:W%\0\0qߑ_B\rUl@nĆ;`\0qzouۋ#B*HP0HڹQ<quhPNIsuZkKieؗb)j襬&zQ,6bd\nIlc5z\niq7l@@@psyO\\\\wt$vT0\0y 8R⾖nxKxQImlYxO:YƌW+\Z+LeZ6B;(.RvViwY+r3bB\rZjPN%9S\\QM5V^Y)pmW\'0qTF]yl\r.H$d᳎x_~OZ-ޕ^	JVcgʸAW(#,6W?1xĿ_^s.s%H5tX8{\Z`=^X\\cI&ՒIDtc᧊0lEMRbxs7yzHSj4\Z5&|K$vAK1Nz-8Dh3ԀpvH	$}nF.dp\0i݂A8\"ڽjbB6FI\0g8;z 0y>%49sJ~%ݻ[WJpUc*J3&RSrK޺j[cꯅ\Z}LdeTP㢑r:vez=Ȓ%\"3#188E%\nv\"uLZ$l18p9u<uؚ֓ۂ3O.dr{\0ug^&iAjvKuk\0CINKR+vѴp7OqqC|0;0/:q5OhFȉ*\nȥvo\0x\'5;;QnP\\\'p>VHa<q^?{ayy0bGAO@N1޹!zQfնj;?4VjjޒVnɥv˺/Bod@X09@<.	\0	^QsyA.玸8ys)In)}r{}q[~{d϶W&%\0氥CcG+oӊ/3pt\'pi;^-˪C|UhFRA0e c\0c#=khml)R+Fហu4*{dXdlR9(>z5X0B:zH?ǽz\Z\\,UފZ]s2<vyǞ8*Zz%AB˹OTS\Zs>ZM1S\r|UMyd	PYp28z}qߧ;etY38#	c<^fI:T:rmB{\'+hi\'yj{1(=dg|1w+wRܤn#g$?.{޿ƙjWucsʒF^8ߙfm9:SGҤ.GnWS$_x%{c]Ob\"HXHqq79uY|QUQjV5ҺJ~L[t\"i,,m9b1>YYT	\0 4\ZuݦGo4dĊ_Q<G){5[kU`*2pP(FJJM=SVw^OYi.o>ѦThH\0OIOK7K-;Yb~b9eqm\'};Qdk-Ċȡ+@w*NFr^_>4?^oyiiw$Rjƫw4V6\"Dhbwvo.\"!apԆ\ZeRxӥM-x,x{&fxCa0<V&4WNGNJ\\kNRԟTq<N Jc|j\ZTPKdg﯅߱7ֽ߂%<W{׃ZbwH<kYu?M0e[{뻭#@pGq o#<ۦ]x=Jdo.;{$. I0^HE+/_O~$?oֵy<Ӵ_ghh77gh]cɄHa`UFH^V*مGzvZR7NI68%Fkcw Qȸv?,^S҅Z<EWh=dnn紾%|\"KUKSvt:o7Ook]\"vWt%|\rDZ՜z+3\05h\Z$Im]Q5[x^\0w[/tf]Oiڢ6mG_I1xUtE-]šiׂ]>M+Pӥ|1<7a\ZΫmݽͶ#DZi5	v	O_*tt85^pN,Khӡt>I49F0О#;q畽^	*4yT_>,krxPq	uiwvZmӿvPZաhq!*|)@i֚=5]wEo~nS->S\0X}r\\M\n^I_:[T16shZI:tNQq\rGk\0fmwOkVŠ4kOIӢԧLzZVZ\r̶YMuj&?pS)f9f)ӥFTZ~-2쮾haX5\ZU(3Sa0xgxj>wkoa߂o\'|whzD 4!IgT/_\ZɞcF1-g>x/@oOm;Hǅ~ <JeHA_ڬmնdbila[9.js;xlncY<5WО,bOHbg \Zn.-\\+|f3WCg8Gʰq1\"◴Ii{6z?	cZ뙌?!ih3\"2Ƶj|S0tTRB5S\\\\F$ӮۻY\Z{mF	,n`IH\'acda\"HS\ZGu{YQs\0+}=8!撶.5]3O\\vöIk0ΐAiNf]상=튘!\0f|^Y|iC\0|ufgq|8W:Nol7k0Z\'to)K,6	2ʜaqx%B#		:$_eo\0@o~ٌ1?S˸\"*UNo\n9)ޖRjzާ\"^:u;u\"8idWS\09\rvuqb#^Fb~F\"P`#넶YH1!pJ3	ۜd_)ZXthETNMYN5gJR>Ӟ/GJS׷$(K[iK\r!Ymv〥9B=Y2Ь	pGO^¼o*v8A(BFx<~M]Nnhv@ȽǾ9)K\rSz?uz<TUӻ\\MkǹGhi<8lzm7O_KԖMI+v_;H\0se5kxgFldm F2Xrrzg\0E{D)Er(`I9̝9Ϯ+f5FJ(kk{NǩBe$^۶\0\'ℂ`β\'CupQÔ-`=$tgB-\\$`nӌ\ryǍē$sH\nV7>J#znx\\g_t{9YLcnx,Ž:x3^\"\\S:r}%ڳrx%*Nzw^7Џ	\"kTE\0`\0_W#\0kM>,ZG4y)m}>ml\0mYS{UPN$i띙n\0\0iy5Y/.he@7:d(\";28!03HVKkRvv2I\n]oގ˾W\ZɥQZ̡ѢI\rHJ>|0|_ӠI\Z%+	%\nӆ?) ܱ%yt$ݮ7k$Fq40=3[![VxAɌ{Ie|ƿn<%c3|6?fm>Wωu֬6ihvaP{۹V;\0u>ѵ_֞$Í#Vk\Z1^~!ᨋG$zuMİEtq~Կ|3|i~!tK_&uQY]N׶7g]_^}e4\\\\Y\\ݬC,O\'#\"0Vn4IFUukE9ZmU/)Q_,_|Gc3.aL_˪{If֤}+$jЋt8{\0L˫;kRV6i\\G3XحE;y%\nKԏOwowxiHunYgRǧKs+ګ,#Tu{oty`v2הּ3cq©okuαH!$(:6\0_.+ۅʶRFTm5;8%G{KR)S\\eVԓWvQNid?H\0s\')`qpgK,]L^O0ʽU\nxZJ1jԪ9UGt5h,mo`Jr_6Mcb0(q<em@0MurHf˞Mѵ[JZϴ]^]\\mm(l紻=>~pu𽾛kw|N3뷾,y\"	awuIf{]Nx]|=cA<y<Ikx^559陭-c9bXIMpnJ2`5	e&VvSC8%ףO,f2U/C0rPOMҡ879AZwå|Gk~$;fSlZf&3=YcK`ҵGR>nִ-R}nĺ-޻qqjַStI\0`)S$pґz#дψW..P޳]ok\ndtͮg.>ݨ^,y˭&Z×\rخ4MKd\0Zu<KǦ$6fB˘|ߡ0t+VQ9Һk٦n7뮻l},pJqק^7\rSգȲRXl.j1jUdZuMbIOj	O.-\"v,oXC\"6vҬsAl4ģQut=qmh!ͻPou+rm/.5; v&}?->_xM}úƥ\rƍiwX2^Mb\rE?;9eҭo	+T};JfHJ¾.M,Y7(oVK>RO?&^յ{إa0PJ\"sJ>\\ogFG9g0T1XjXpؙf\rN8U(SpKBRZu#v|OkPռUh\rN%-o\0ݙu4r\0G?d\0\0ǟ]/׼/HF+6Y4moKkKWKR.Dχ/&}}>HMU?Wꚿnl#LMӵ+uxX=z31{y/6SȆ,߲{x\rK[SE0AjPE֑K򽅋 ..Eම0as?qPa*5Z\Zr炽w[_Cx8ľqsY5,N\"xǏ*:U\n^_:rP^2StG;<G¿cacú<~M>!̷/6z\'PhVN-(o`Y%d$Q\'k33uO]ǿO)1ۭC·Z%ܲ\r6$[x/kvi[\rN-V%,gjj*+OY}ᯉ5\rދs3Zt{!iI	Ձq#;!O>O\"{J_Rj9J>ydyZ/h}}0^ę_`O>(a!SڊoTTk\ZMϥ19<{S\"H`	Yq\'8#ۨ%f) nbef\'\\}׎}\'/H7y#<r1j}(Bڧyy;=om:Q\rVڋmGesj>d]=F=yv1?|SF u{WOhJJ6n~8\'Oz}*ߌ!--\r6_<vl<(RVM>k{[5ӭח/;?g	rܚ_~~s}]1)NRJ_W\"MY-#J*)=3ו=U?3y|`-;WqӶkڬ4K-:=CtHa\0n7`0i6Z[}oM_^>W*\n7\'oe_m-ty<qG\0;䎦-4jV2f~t)rW#I%+exwI2:$:פj~0m4ج7+)EL$(t^j=fS<#+jZ6륭u>ز{{X (A\Z$ycbI]@Q,NFyaE~<XJνVk:[^ZVuRIJ2v^w7=\0OY7>+_ſ	;&ŝ_SZ+.TOMnQ\'34wҴq4;K-\"o\"Y&`|إZ\"\n%o)⩺x_mU[\r.eƳ3ZG dZ]\n~̿|vNh/4a[i,KK%{9&O\nr*,ҏ5J|S*|>VDnm5Tϡԣ<xG-woT]EMu+<@95q[Zg=	_j1`.g7LWm6(RXˊ+1mn4cܥbW+}ke4rSb:rܼ&ƕe(\Zڝqo{ǪL\rX|u˩\'풅U_hwiP2)[K\r\ZmN//.41Oip\\HBӈ8AyO֥R58+Ev]uZv?BK4>&*N6H`!FaЪԧ}fTa6y/g+A/Dyq2Gu\0\r-~n5h-VAY頖OI[4=C#;!\n\\Z?5S[/nI4]*;\"shZdI\'[kf8.kdo\"bHⲎǀ\ZT՟n1jz˭/WW/&VZ5:4ɦ1H\Z\\}%{aҌ<UW<Қ5BOh[(+q&]WX,x>Q¶\"1piգxE.j#7N1G$ZPh\Zis&Bm:U[1\\Lw-ޛ1$5vz5X4iwZNXFu6sMn7#Q4MGNUUMB_;Ҏizt>(XdwjwzoGii-.!ഽ+mBԟ>	$!|9fMa_Zgˋx|Q]EsV}7tP9t=MuKoc\n/l\"4g\Zu4cv[=/8	)Xe,0(q9xWwBA֭)^*/\'^m<u\\pm\nxzilt[ċ|i1iVemFݡUBռ/eT˫y嶑zu(,lh5Z2,o5X]%\")EoY\'6MEif? Ao5ֺRҢoe<?5lex⸌uAJ\'[\0ד::(PIi+4ØN_, `pө\rpL+{E25I8ф!.VchWWiZZn[R[Iu&Y{԰_BaXV\"]\'G o^\\v0ڊKsyYrnb_MCIҴ۶uq;0\Z^\'+-RoT[ǂ[,6zmV[hAxH!̑T-<1nDige{Btd|bCe2ЕZTԜӊӛkϱRRY,>_emb*8~&.8R\ZҪf(\r\"~#O&F-Uԡ,n|AjvdxƑ}w)h:lM\0c.:VR\\|QE\ZOi,Sw~=OQ(-ĩ_NmY	8@߃Zտ5χ%ZǱ4W\ne.Tt؛uYHb@IWAI<C|+!rEZgoQb~5%O{qi>S<!]SNkBFi]%*wӻZF+O<#:ʢ#\r3*)*\rX}bJTq0c\'h~+GE\Z!I0Xsxl]m$(4fRcro\rs>\rњ8ƣ\"AI q{֎422ŋ1߉`~w{*2NN}Vɟ[%O/٤Xv`A2\0	,Wq(_Q}yALwW~!dҸA;|t:~Ͳ(<3v\0W%N`wZ8PBxf9i|~ﭕ\0ᶱ[{i{JnO.+۶A\0^s<,Wp.Bɒ9RR8A|9cm(\"g~2rI5nd_;`F^L5`=sV5Xiw4!HXp x<\\z\'v\rEOUqRSm䒲˩\Z1?M\nMs`ۧxeww̒0\\ͱK`=XN}p=3K3̢F]\\ck<)7Q8%nK)S;y^A>|*L%:U)9TOW9[v[</F%9b]ܺ+^륯>ҭ%krmQ~v?7&-c5	.(\\oE6&柾%ӽں릫$-\n卮V[\0Z?&~_\r7F}gVnV:.H.54fiHK~@UZX]hnVI5ZZC+[F#	EswunV\"F*li֧Ou^_d9mhat$pZ^F[{H;ޝڝ֔-n[Mnu\r5b;<C$Tb$b\Z6p?|S5*8jJ[mnЋ\'2\Z9eJJ(SZgjG1wDP[ZZYɣG^Cj+-X	mVGX>᫿[?5(kӦ6tdЬ˩YW7G\r:]Χ%Xm絴}y\0.h<_-ٶkqqԥ{I/mtK[/Yj>c1Z)m-q|YqhuhynˋOAd!i#WDܚ|T#_*.7-K.[?\'o3&ϥp<d{uOO^lEu,.#{:,;^j´Mg	ӧSӭu}R\0>k{-%\0SZ\ZFբ%7WLfhnt,PqۡMK[u&L@[\Zp\'kC\"Q&$2jj:u}?OҵԑtcȀ`7TvmS\Z>&esT[Gծ]RT6kss1lTgq5}\n8y5UbyR.-{\'5u}R>#sxveC2yחsg}fIg\\aB_\n[\n=f/	)C]o<_oi,^.C\\	lN=*KESy24͌o1h(umPRӍbF\"|qpz|QEga4Ew6!Y\'}B(IZW\0u%&]燵?VU_!KJ?x^Yf&γ#yfuMEc[^N\"xgXƯKsZiq2ѵ?e]2}-tfc8F_XVaΌK<Ќ\0\r]L	s(˪`fn\'Rteq8{,ġĺp#PZ3[\Zu57EEۚNQW6j:Wc#sa>iH^:AмqL<0Zitw\0	>itm6U]9KHKoemF\'ͮl<E;kR{]QMOG鶦ij2:[KVf6B{t)pOs-~j~>b$$|AjrO=}5>+UʷPT#ʣp`a7+:uK\"ԕܒZSl$g8E\Zy^mЩLU,S֣YqTkħS綎Pu$Pj:Ne΁uo}s{?ۉѦ6̮-딟eL2Q<;FZ-_{kfYmax9X\"KҐX%Ʈ4KZt;+Iӣ4zg<O35͠iK;kEh^i6櫢kmt\ZA2,AỻY;77bpNfpYhNuXWL(Ae.kK_c2Xꘘ+TTZ#CV^U_KTtOkkjEӭj+~MZ__xR\\1]ӄKuks\r@{O)j	^	^iggVx?[gy\Zq}$S-	iPEzᲾ5?xK`~m#GHuEuk+5մK{\"\rΗmʽgd^nvş	~&O&cYK}N=N[t]7T//57S+i?wp.ZN5(M:nV|Iio{WPC:f\\#)¥6➴!#Ѩm7C,6E²}0dt\0\n6i3ȲbD-\"˷ 玘<|EmҲ&rcHy99 q\0ȗ\Z1:7g,ln!P{}?qY|*>ɾiI+7}-V1\Z+BuZ\");JVwIt7T&dcor3ơ@9?*\r8<mQm:蝏̶qBT~N}z6dw\'tA>ǓּƟ\n5x%HO/q\'KPm(ﶻm2M(k]t^_6$d?^hۖPg!u>0%JK[r6:pGJ<#v욃<a.1,eCtxe[iڰү9͂8ɯ#9iW绎\'֝\Ze8VxN)£k^\nN>V0:xz]LCBFH\'r;0ᖠlr=H1y`20|\"ӵ;:Ife4Owmҽ?vb\\pU\0;ңa=GQ%9QV-si;׿._CY:\ZX$B^Xܜ~65&hة`J?a@*s2ry%{֭c-ĒCb\nPA@nFϽsFVnyyYxfIZݬd~Sxz֝%ޝ\rVcӢfcQ\"Za**|?\'b\"Q]WHqlG[[+-/d9|:pF?\'Oյo\0TbkIuҬ7k:tYH	Pre7\'vqzޟZw.[+a&2Eo`9F}+m9pI9V6\'Z?WxĜ-\Z8X<Tg7^+Iwީ#usCú&}{U|Kqw	s4ii5ğhDo\'ua;=ީsKZw}N7ҷ_Ybx%K0^r?\'\'?{ľf^:tZVi>7mSQ,X-|K Ge-?.4[K\ZSiue%[yHYcu-77AO*3XUh^1aF\'	qqX;reapJb\Z|ҫQ%xzm.ItD,R[{N.\\٬ra#\"]ZFcg|msCeZE\r64I#!$1v\rsϫki.\"&,FJ\\moʛK&vgxX|Eִws=_N[-6n>Ǩ[\Zq@`X.${&[n%,N%Mӭ:JSjQc{e_\Z14p\0ZL\n\nx,MJ\'O;UteVd5u/^Z+sA\0ew-xw[ll&!6=ϬYR-ͬV-ֱh\Zǌ\'\Zx\"QK\\xCFt- ԍc`lvmtIIj\Z[k~Rf K۴x/n\'0][^عh	|z>$=$(7izUH.h.\'^L i̰XR{\'\'ME.n]ˉ3˳hUcRXz*S)vIF*XJʒrrjlfyCeqk55h\'&ZM\Z&`UnkL[idm}vZ\0v,Z3iwQԼ?)⳰.tչyhumh+#iV:c$vӬ+\'r[P2O1!%OFM&pD]\0\r;$e+YlN[;	w6lw.hSev79XE[Jcg(\\6p_W	elt+\r[ftu_R\r7K9Q)\\޻ҵB}$E7Z\\i\ZJD71JeBŊ%R#	Mf3sYl_/R&cGӽpW=&:_x~It7m},[x?*\"3^>7Ӽ)irt!><ӣӵSŷ-4w5k>kӬiZ}οqk({}^n5v3j_S??W7^5je\n3Z[oC1[<~3S%|./}_COS-iN|kYti-4;PiZ:\no=z|2鷚Sxr$>u樱,IMwwwUW96I>Sno9H((_\rnM%ś6\Z;9yR=\nG7g,P}~~Ͷq\0~\"4T*&c<2ߜ0Ă@Ij*߇tQNGֳO]:E[0?͸WaTnX̦Rp{긨O{]U\ZI=^+GV0};C17`}K\\Cffa$sgGJ?j?&(qxWk4FG5t6jwT)ӥy#_> |-e~!KYk8[]NQ#Giz+xdYt{|:aT_l~*Jd]zrZ]]Ɯ\'3/`gOũ҇+V\"m:|M4|74^׷]]vSb.@۔Ü\n+e]+D\0*v\nCm83u0LzE!6H_8,{`:Ҕ:ה6N֏[ۿ9^R񹄥F^ʌ_%^//\\f۳>k۽Ģ6\nFAa:?Ҿiӆ5;Ay.ym;2dW-lFY\'kV2X~l`o.%cHpG\0_\0;9⽲{cG-tK	LsE%YݫE#\rejիԝ:DڍEkw?PyN\"	I*V:.s1iǚDR0	diKݶ\0^?J*ky\r?E,ѯ5Yxxa[X>hDUQo#đĺk\0M4`n\"M,[ȑ	.cSʴ\Z${[ஶm[׏㽕<O%&y\nT~[e488\0>8\0?/.7`\0xaIwp8^?p־s`rMjoX)(t읕~A|tֵ|;oxVm?>(8[&/9sMj27Щ	E{η7i5tVxzy4a;d!~8Ogww\'{9ԯ^bM-|1cj\\LU%gO[XM4?.|G🉵\r\'\0%{>\rKYL,/\n/#¼p 4A@sX»b0ئn_g(Z{\n}rCǾ%g®%9%n8b098Gr_VjN\\~Exh*KKOzMtS`e\\Co0pLa$yכZŬ:Tz=cqŴK[P\Zvề{kL\ZԶOow\rn.YK#Cqu+DkOuĉE>qokBuKĝFЯumj[F\ra(	|\\T1Rn:(o{mKTutQÙi8\":R,MeB*\"i|\0ou2߆|MRZy5/m\"KWC,/ldvjW&?06r{WWMvÚ^D̺D/1F$Hn\"29R8y$>k~4I,]\"TDkw5,xywa䮯$>o\\:湥i%hZ]֣rZ=LwxᄰyNl4k%]?d1n\\feB*҄c8ʜWMZ)ZxW\n.]NgB؜$3nEW״p֣ZDnu)7P4OMjOu[0\\672][^G	H<jv(#)ǽ<ߌ~x^ZM-w5kF0\\h)e=Q\\\r˻PH\\Oifſ>54b_G;[PK %ŵMW=_ehϞ}]m-M#B\0c_ݝK@`krAmgkEs:Ϋ(_}c)ZT9F0J*_g0PQqX`w_3a05=QRKНZsJ\"ԧ);\Z\rcϫï뚤\Z-yw\Zk?jEkA$][A2m]zDY Eڧ`hzpxV\'uKC>i&mF40ID$M<]NXt\0{u-2Inu}B]N#%Bwo4O(xUէ֯쵦iM3X^AAj\"(7ۈrA+#W\'`\'*0T>d	6?,%8k\0j5?.1uph~4s%5EиORWJhؼ7dPݥ{+.ȮE\'/+]zƟ\r\']#ȳ:.-O/4ؗuʼ	e26ģ6En\r7S./-	. )gm庎(!kr2]]sKKfT5=?T[I-g?jVr^f(Ŵ(iF#\nR¸IM˵szjjWO&*<Q*UqF4!7xSSS۸CbuMOJg[Z[xmfe#κ-۫v+4_xWcfxex1|\0]JV,Hq__\\__K+]CqkGy3KXkMw4asmu\r6smgo$B<W:ωt:6sYQ-ET<y%4{*3W11eM^1]Eɽ|\'\\\rWxܦ#11R*k7U**|RcRKIo\rϙJ^1Rׅbq69V]\Zg\'a.fal]YA\"<KDQ\0nĒBݷwG\\+{BIBM,WR6H\0˳>-FJ0^OfB,ye.ͻIP+,SIW~5鹸M{gvMu[]\0ŴpVaХSS4)7waS\rS{ԍy.nWdS\0;dC$<4M񮷧%w8(^dh\\J>a%쑠\\\\j>&<]r\0It؟25`w6ЗT/> cvWF9(6_lq>pڻn\"uB妣}q*(,L$[h\"Nlzdzmp\raT\')9Jwq}:\'c!S\0xW5bmk$Wڃ]!@ŝ90\\{է)?7C,]RHіI61(\nWk;i0[L1٨PYgbv5AoIEE^8ak_<]\Zt$({2A}FW8(נjͨ+.>+O\rv[׾_T5[ӟZ0/E4~y9$PfX4YoY\\X#_f<q^C[Qk!Kn-i1gkt#<E@Ipd͞8x/_-.VOK!ܧs)x-$.-\"pY$bqu!Oq疎RI{V^v.L}0]eF1zߕ^\0h+c\\k*ҠRJYJ\"9M\0/ߊfo%{kuA-Ķ[@ay!S\"*<M_WIFӊ,7i-%I5~BbmkF_VI\0%2jQ\Zo;cxuH\0:iDNԾ\0zS;cqO\'kxGּ?xRs<?6EkpܢF**CM_Ik\0{e\\m}Ie~\'6oI\0i\0x#\r-GVծF3fXU?ew,Eȗx\np&+#&K\Zi2+.I.(^9x\ra%>\01>>ʆ#8jqvF64MO~̾g.ik&uBMݛD}eDѬuBT/yq>LuKL4ԥǧ-}a|#\'?Rϟ2UB/jv+}D[ԼQ@L0Mi>	}bӖ4ڭ՞5Ũē۫KNMi\0_`ea0T*TR^1j饧+[}4iac|.jNq*t~i+?}].}U2~Ս6·Zê8-o\\#d(Fr>H-I4Ai]M46[x)\0>xwR#SRϣy<WEFH][+=>;vP6ʭۋϞqu|ͯ|<|=i[=n;Kgo+H`-܉FqcL1\ZG	\ZJrM[J<èUͱy1]\\6\'7(:y~Tti(:JmNWj:㦇G4\rFY\Z/.\n,}	ukKty\'\0MUwʵ\ncBvՏ	<QyKDZ`vFjͬ_Eus1\ruW%HrpZVcc\'h䙬^)ki~Zl>R]:x\Zna4[OZ	|,uim gx2됤u<CIՍX%j~Ms];u?\nx]<3:Xl_ڮ>iu++Q$`OPj<|ϙ\Z~ޔZ	DZh\"A^G\'\n<-y|sB>HLZ֥cqcaiaԵ\rSUI<Ugo2	lDu)]iy!M-:ְ*!hb$\n\rbM1]KTӞGeS\0ռt{R/WPio(bs\n{\\>9$!4ιuվ><6N\nX`VN5\'(%|?6^MM9=y>}m>pi>5(u]7O%rD_	FhYoOwyq]-;Xo#^d8\n|Fh	6 ?g&\0״t1 {;9f[Y_a[Y$\ZB,S[n/ Ws6xlⲂ]& +\"&݋;_/gTp9uJQrXs9&WjVh:?Cnd],&\ZyLV:\\I%MIGKoϿOojx\n\05b\0%cTN5MGLӴcznVOѿFrohfhzv:BKx=ՄWfMV@4#LW*aI6zW7\Ziw6~#]j-77ڞ-dpg7jֱFnڣ (]sJ/k>eAia&m,?nҢ[u=D#r$rn4<MEOa0UEjPe.nNXѭQ$}F}0NYe4s`i*iҧTJ>ңZ%Ϊ:a<Osp具Gy6 gzG&+i.\0c0[=ĭoUo0y1gKR80\\SQ{rَI.7,1C-nޭ/4ָ,v.1!bJ18MY8:^_OfTn\ZYRNzm]G>)a{xu4Iylk%@;]PloyrF&gAwjUaX\'Wl2[:Ĵ5}u\'\04n?|?,,7qgi\nz0٭(Α{+5`[	SSŊ	T&L(xaFmNmKoFx6\"-[[l\0.	$`b\Z ,ci2ZA;$?,8m) Ǌ55e+Mj%TIc^vK!ssn;@ֵ{k\0\runڽZ+sg9707b]&Qc\0)/汹#kwVBy&2!lazJ^Y?-8:jߖZuڜbx[z^<[mcERk?o(P;khȬ$Qa!^LJ˜_ګ-3D7?DPg[}W:̓ZhScTuY-nۋsl\\ԤnN\"hVpmmX|RC09<scy\0a\"X,]&Gf]G`&ux(Ͱ԰8UsrV_-YZ{].&u(:vS亿^kC7>#þ-amOŧ,zƷJUԯVHjڄrLTͱJY--V/8JfUfQ8]v1|l7Ɲ\n4JN8SR0nVۯ#xڵ\'U6RM<\06o7,TD\"@ˉjk@F|w\0ČW:om_L?3TO2/cl[m%Wwl]F=RI\Z8!1+cQ[h|/[%hFdR(q$J;\'/PviݣwM$cјr®AL԰7%<_1HYǛIFIW-ɫx-so/FYdhT*j2zӝHGXԔ{7(еmOm<5{]U5;.$abK5h\0jw/+o~Z&_\rW<\re5jj^0*)!IL_]\nkα5֯}.G{mROj`A-?Oĭ~]i4\"k[MJڛu??fxB%ܦsDPL&#VJX]Ӛj|?>lnF3,,#Fue%gV^RTvI/\Z|[-\nݧ|pl-|M\r/֗\Zo=MݼL&n@OG3GO]KNNiD:ڍ3iXZCv\Zjwzj(eض\\~^O7)hzo %|OK}6h#~Ԗ-$1G [	>gVxFC\0;d_>4xL[G[Z泤xH5]kHCO{*[E(/,睕ܩO|L0|6?ͲFQJ0\nqh9{%(~]M|.eKg<^/C\Zs{Jj^Z|/w[z\0x-U\rńas5[iq!8\'GhCr^Uw6)6:^x-!3G\"BfmdUiZ{~\0-i(vž,|O\\V+֟\rBإfΆ767\0k4{Cf5	{ۻW\rp0\0T<K(eF=o&(`L*fqZ\'}zh~ժa:~Þu	ǒJs_3,\'f=Q~Q亟_m?1^ZDp.q?:`07+,i\n7F@hglH$YHcqHLmKᇌ>* n|my_Ӎ%JM1GjV8/c\'#˨\"ZZ\0 Q5h4V\r2g!yg-#α#+8Cܷ,+r~ג.JڿϠxhU}Ѣ?-;ї*yާs\0OeeޙV9LhRiV9 fZ2D\'_C@oe}+qixⷌo	wx>xP^.%46Y4i|IfX-]_~>C|~[Ix7Nt._l^]3ObS-\"QQI6x?n[V7[(=c\ZutG\'|Ieb3,/̈#xnqfn*xTi,\Z+qwmYg\0H܂^\r0OQVvF1RO7a\'+M>> ~6k׊//uc\Z޵]_8kmmmتAEdtHZ6wve}e\\HnaFi`%IVX	 wqĳҟ?g٢*7Eӭ|7I{whֳ\\KwKC:>W`:O*Mgwэ>\0Q[n#u\Z{Km-XVYfU3P~s*q}Z3~Vhq\\S֝7(VݿĬ	75ک%V(9ʄ9Tԡi&IћWk/9#<2p%RL;IcvF~[$flw:FYfuϘ\\[tXBrש|#iTL$acېL@ڬA*2OGq\04@.dġ[qaN?z*⾚9U\ZT&N5g/gvVZ~-EŢʶZ{6[(JҨrB;d-xpNmar\0yF|th3w&yZҭ_>LvR1c3ayݜ՝y_C\0M[\0Cg@x9Ij-]?OGfM)-;)+/5FU[HdC5ٞ;ءhIe1@,2kJֲHfnB?.+hKn%.fe#7~)\'R-W.Ѵ]!kko{yu#B*e)\Zk~Ͼյ?{<ZhZ=Ũ)%ާYEL`\\Dv>\'euU:ٵVQ84ӝOTzն=bxl͉?bf #׉(mOCÅ-I\n*qF/rJH1Cڏ8Mwig٥@fxwY~Sʝ<{>de:}Ԗ7/I\"Z料ԯGrd\"$F`?[;Ĺ%9AV$*45}y:Y\\=re{}OGukog$9]:F,\0eu.*UcB/d)umIQHEU*\nnSJqn@iIZO_KswNY^I\rJSQjQ։opc[o\0@;FFr8[S,Gkh<,JdV;0<W+^ͤxMT4;mVmfGt%wEդIq\rZTV$v9cPCH?;1`zLa+꺰2q^KGI-խkL|1xE*\\\rhC0S/U\njq$oOc~?xy4l5]2\0VKWՐG8T>T=hť?@~;| 7T\'[[65-K/];H/V:u\n|HMfhN!?Ot˯uO#V&Y-6QWP(~}b3MD25I$f}]o\n]VY̹!\\t*$WRN\')oJZ{~7Ur_8GRuي:^:SF)u`lc\\S=\Z<mdе!sy.4x M7~>[+4x0mV=cila˨Iq-;\"Ss=̷⽚i.D\\o$upz}b۴RF4hko)vi\"!T?eAí~ZKw@cs.REkncA7\rW$\\kpY.{О+҂JRK$JkVnw>c,]:	֬9A&ݓSo\'B5ejO}e*[hV#<hd38m\0Pk]2G4L^!yj9>#>]K\\XfN֮hv\ZGtX\"{iuy[[A\nInͧE2yo#n-\'-JN71L[S{3Eak4IgXDAU	%g\\>kBMH\r<?{M=\ZY_*~Wƌ2Fu\"ѺR\\[|N㙵:R8YyQׅFfOG,kg;ZGYɪYj\ZkA>kGǘ_h%3ĠiG9]vƚ4-_MD7ݾ&9GSvo\"r8<w-*-\Z_fe`vER%~K@;kh#x=8l?a\'_N6iE~uV^Oq?<K_9.K\rbxzZ14\'Vi^^m{5䷓w}4W0y\'ԁ7Ws+ܣ@,@I}?}uv;	A-̺w>_2I:6RIW,žiT#n3Sʵ\\$w!o<摼`P-9#t,5\\ʮ48~ط{@`GdѪf[˳*u9ڊ|+M\0w~*)2ɽ\'QԒUm6klRff!@\rťVegrm\'leZZ+yalzm$hk+gs5\nOi6-ԁȬq̒ro,>ysWR+cikhp\\H\'dhe.||ZhKm#%\ZԻmss[i=-eX+FT(ɮ{+leNIr,p|DNv-\Z<WbqQH`.Res|~v-4X  ~]KXtZjR527efb%y!^nΏcur%ܑ[Zyf(-ԡM0bi,c9[ߢ<qæcQ[}>b-xl#+Eeb {|\"1#x\rm\0l{ew|?kf#6NǠ$[4WȱyhS*Q}>+Urk%{,Dfh$qG䬡oY\Zh^$Ssou%Ze54rWgwkt]߼rz3	J>˗7X}ap<=jQ*yͣ^iug+]Եf_p^].ZYǙ;[l-ܼ1(	+0#\0ɞnIk[X\n;5I&HQҷNk_%7ZhV7:<vAL!KuȮou	y[(%Ȼ26C!ǂ3m6­Yɧ97ui;uHER]\0	-j#\"Gԉ1đȉ,H0tl\0űGP\"t\ZEI$1 =1	&@G~>.Zoxʌ9!>En\Z`(+t:խǉZ;PD&!&ʍ)*敏ݱ`7~+^5)_dlhVMw2i\r7py2]۩[x35͍UQF	+`[57vImnIY̯wy18I8,SE\0/I\'\ZwVO{Uݼ~\"Cj/-n%ʬ֎QvZ/M6}hKY\\hfⶎ&e#F]Q9s#;u-QLA{DFZ5\0)oxM\r)d>\nv\n=sNv_oCm\ZT\'&^WI=-\0؏8_Ø$l0ʞ\'bTayGxPrVI;o7KvmxWHӵc}q%ZIn!VGih؀RjmjR_\\j*Y\ZFd*/H*PES$_$K6$[f/$pVO[~72[iRtVSpFXI59\n]J:Ue˺QJ?81iEug+0zyQM%).ѲZPej\\31>\\C+1Tji8+iS\\$1I` v!m)1&AG\0{ED\0F01yUZ.I*n `%zn~|?Msܓn5go=AEQV慮Wx=xnY^S4Vp4pcX?Nc1ihEi>\"O]X]36,i0[ج7Es)l-y$B$Xn09<+4Hlm5(gY$(,M\Z	V_.F]g˖\nTeRM6iYͭխlORET9PMܼf)Z\Zm[[5Ⱥζ+kXG,o+o\"Im\nCqCn	!~,Y5wöb\Zݭ&Kxyf|ɡX,g:	bܬA\01fĭ%iIi%ŤR\'\\ʯ[\"(0t\0yp܊rU,m.]W]:=,CƬN.=*qTMF\nI߭X^kYVw}[·#\"V7^ikyOkd,	Kk$\Z%txRqFTǅXx(WL넆CپV\\hVeoq&#0\\^\"do\r;R|\\;8|{!g)G7ex-jT-̯M;-\nU4{kk;^gYxz[X漼Iei5Gy\Z-PB$Ȃ\rи{ai=Oؽ@SR-6I*xŇ9oo+nE7mBSPZyWqeDD\Z%Nuïى4\Z2F1rpNѝrU\n>hi-}{o|b\Zj#Rn\\M=nt]J]M.-(;ddmR6LךdKusxe,Wio:8#xCYR y\0mH=\"M*|I{[SUȗ5<Z扯(\\Ex2RRS)GK]ERGx{h\ZRkJ,a{u99>SәV7;K>T\0`QȯrL$UZ(78ޏu^>\'8SNTcRiک5[=ǐ_\Zb:S\r[pZAfOu)96	nB-Xl&+S[$^%j::P+Y!!lGEۊN;;YdEKkqd}b8DfE!I6bH;â1Dv0+3GrW\\UE7{i[[?GJI;\'=/&NOKnf2fōvȞK\r\r3P>ơ9B`{PxR[1!ҤH\Zo\0?>}RW$;hS /E8rqQpf\ZR,dkY>9֌IY\'~ᚅ*06z(K:+m\0W^1V2!NbI89%rN}뫇HP:cj\rai\'&nX%K}?rdڲӚ^I|<ol\rg1\0,P}tE}.;7mC!XSq厫ݷvx<r}cכ/(x\0:\rG׳ο<aX*hK!b\0(ɚ/c>\0[G?v{袿,80?\0#?]\0k\0+DG\rMˑ;H㏤a?c~EiT,ĳ,rNI㏧ZKR\0wO\0X?fƭ(uqeq>=r~V\0C\0((a\0\0˂\0\0z6\03kUzW\rx4A\0W\0b\04{ĒG\'|tψtRv3.HψpN2Gjmٙ1,M%Iw\'hm_S\0wgxL_\0<V<!\0a2_E~G~[\0t|\n\0`;|5\0Y\0ע놿ziLG~k\0F?ե\0b\"+0^b>l/};dg_/Z(A`\0赢*~D=',43),(16,'Tomat Manis','Buah',5000,'Tomat unik manis dan mantap...',3,'\0JFIF\0\0`\0`\0\0\0C\0\0C\0\0\0\"\0\0\0\0\0\0\0\0\0\0\0\0	\n\0\0\0\0}\0!1AQa\"q2#BR$3br	\n\Z%&\'()*456789:CDEFGHIJSTUVWXYZcdefghijstuvwxyz\0\0\0\0\0\0\0\0	\n\0\0\0w\0!1AQaq\"2B	#3Rbr\n$4%\Z&\'()*56789:CDEFGHIJSTUVWXYZcdefghijstuvwxyz\0\0\0?\0CNMO	lnT1?|Y\Z_*]VeGzr1}T}埏$7mNQTbA\"d|˝Uޥ^=Npe2P3cӜu&-u*q\r_Kʎ:YyAӅl<&GMIj+[>OK(UkskX^6ʵ׮b$v{f=i7X4.m>	Yä/y-Q#8w/pO\'[;pNR3vmee8\'O\ZwᏉ>$ U]xKWY5=vA?>Ruwg[pxUc$?kRjn;pv\'K]t[~37\0kz~%;\rCo[IG> |Va𝥳<@$UҼso~sLXm$Wط?ѯm;H.QL8M՘wiW:\0Oxu]k5M^<fDA\nJ\'/5?]מ#Fon\0~#VBBĩ,TF~icęӃc䱳\0+S6<\\ӲNNO	^㸃q__<ɸrorya2g\rNZg(({[>&ӼFlfM8\n(&{IڡP\nOYyC,aG|Llo\0\r\\G\":)6w쌹WFr̸|=\0#Ƕ\Z|wxSkan<fWV?kBn:+8~LH:Kx|m2ȼmS5fj/<3i4mCi1q\ZzWOs)\'RE%({\ZT5$Z拴S4sTjkbcS¯gS0raJ\nN))z?_xŞ(RXAeu$ tm$NI8\n%xg\0N-kM+muqܱEwKO#!hS+\0\0\Z[ڝL.vJ\n3cb;έO-8f[-g砖[mbx嶕/6,T|\'[^ aIEfX*%8EIZ־v>;\0L?qF_jsBe֔ӊ|5}u/io{	UHbN`T),;q<xO\0}/XJjRBbi\'Ԩ68޹<<1^GdtfM\ZG4Ws+#F<ԹbSq*Ď$9x+~\ZӎGu	-ʫ&|[ܫh`\n1}Z6ByVM?6jxtkխ^TBZë^5%>D6oUm4sҽ!xN?A\0xZ׭X,U|cy>j.YPq_>\0>\'O|Ucaiwʹ7(0<_P||g*x#DU\ZOh\\sjH^8t5hg`KvI |8֭M}g_5&<KZ\\I\"o[{qXk:xL]uis׌|1ܯ^kI]pRum\\}ЍijVN]YJr9gM˚vn}VJ;)Z{R9X0:2@\0c^-\"-JSvq.wcW\rc-|]\r#Q)A>ϫy0m3D*bp=V@u+KNdUk23P˜x\\7WeL-ҧEy:My>t\0O\n%d9},|7EaV~ʮ\n48s^1dӒ뵿;;]h$VѹO\\\'>74YKD-Hx	PG\0f>>G\Z\0x#XZEᛩK,RP	 [	E֑m(/3R0ݎs_sXk?Ṟt5cAEv}6\0?<Hڜ+P̲wI4Zv|Bׂ>2|-v7<i[Dt0@+_\0ӡ_~Z*k4|3iWY?te\rFU6PIS?uo	׮yP8$˻9GH޿>n_:o\0|zҴ\\CxݢU=ΓU\'lYek\\hJVzE>M+BE:4+ͩ];~\0&~7/uxT3O<r7/Ӝdbn.״-RǬٶA>ygN:~\nZ5$IsgY Lq<̇;F:`cI\0GGLeld!Xdu#ڽ*bZ[2(\0s+Nu(Y=K@ok8mHTĢss򴌞-XRYH-nCFPg;`.&ܹkz*VzNKKv\0/EGYZD$rfW\0pѯ˃,N0EF7SVt?堉\0u?^mmSÚ}uE_1ّrʨ+t:Ro.K_[]$hn\0[gmI(2RNPetuOO/Q/|4ƿ\ZD߈$ǊxDövwbQ6@oXI2_?7߅{|$WiIeo-\ZboLn\\N7ߴm_7]XӮ<5Ioyt,6᭣VM\\ټR\ZX0e/⧀(|n|2cޏJk;kα牙Ubc0<_v>7CogV5U:n[=~|7~06m`󙥕e7zch`۳rQ悓K[.~ڟmU\'4-PK+]lKbEh0S%@<Y4i|:cj֣\rŜķ+fl\'92 |~fVߨI\0G/=z^ܳ]}#,@# Wi?t~qm&_ki>6Gge$\nhDr\"UByb5Xg2n\Zf8NxzXhSqae%=\")ͺK?Hipk&#1ɿ|I	\'_\r[5ި]ӯGѓ\Z\Zu;xJ|?1լmNtYw~i9$1HI\"*HUa_o|*>h6uiSծ\0bB;\rȮW{O^7Z_nִﵖ.3!H\rmN&_xG·\0پ*=ƶ9?5<\rI.T7F\'LJ\\\nYIiӯV}T}*Op7ц}Vuxs%`)jS|hfp~(`9+{^}M7>Qie.gͬ?.I\'p|aLč;_/K4i|\ZiIMkg\r9l濏_O,&5\"-MڦXϛ#GT*\\)?j~#+uyBy\Z셀]vs8p,}|]fx9ҭ}{m\'e(JM{v/|\"p7\Z\\Wξ\\(SSgy=O~#㯂O^}B42fRs@b,F);ŚnIIYZivEDMԱ28F\\:o%GǛc㧄t{G\ZϛNY0ba\ZoMq>\"IgVӬ#7uѲyař242%Gk,.<pc8S̱$186\\^%4ſ><9,%#$vU*V<Đ?IoYkTїÚ͏X-.m퇖βV;}࿏׋\0fi	,[T?(4-c5om%M7q&y1㷆 -{jVӢ37֍m,JxٯO_ľ%\0V>:\Z񼖶-6l3M=#OݤOJ F3=9\'W-Uuu\'7Vnjf~g|w\0pmK?sf_iՊ2\\115ʣ>{1E@~xĞֿ!uğbxKC7M][]6$:nҵGį&]b\Z-ޏ!u\r>%dB|RGYJi/Tu?_O|C\0uEYxnÚv뺴1GZT7Ks\0a>gO[bZ=2|.#Gմ2}(11T{ܷ.rLfq?\rO:T 85(ѺRD?D,~#YN(v*vL>\'\rGEr\'$+))tį{&YZMOIci܅˲0RJ_<>njn,XC)~n\'\063q9\"\rړ>ua*/x^)>#I4H)u!e)U7/5Xxú^WPe(%{O)wYq3x]idXF9\0bOGJ5\\)\\y0.EP2QӔVUx?y\'{lў/j0\"1a#,2[?/x><oN+=6bݭ{(I$s橶y~&٥@6M!$I\0\\n_5$,.[Q[\Zβ(x[o622/28lD\0˹{Z^姫_8,3;0W}^۳{ŗgcY\'Y|%kq5ЈGcrK|0iS\nft٤]ZYmem3%&Wp-??h\n]|\n/?4\0\0e\Zh.er^4r-fT+x1~~\rASǊP[QYNAbѐ&\'[hd	]=8LLM*4+xۋi\0[!dӕ9Jn>[zφ~)$\ZfykKK뜌	+ԼkHl  iF]d\0?~(jQ|JhVz[xDv~_.}/K}\Z\0W!noHGkjy\Z=BH<OO}J{=BE%z36Q`HWmF|\0w,mU[dԴ	[mR\ZLw1xDGĊ	^GwH3xiK]&V.\'H\' uuvrC\081X\\2條i:sSU(r1oQo~wڵ,N4\nXFIta	UnV43׃xo~UxVk_}%⺸e/|4Va3W6y_v]F].h;L{p.Kic2QŖ;>񕞭{xE\\O.c1K\Zn\n@}wſ?E|\0	K kv3l$wBH G8E\'5ñ(`	{ERtA5nm>ouemmk=l.iF0GXjRMP41~\nv\\rSvrʳ\r|V¾%I^k,WRì\Zf9hj)>S_߳fwනVkNy,R>_\r=g|;8k>oZzi@Ғp#%;rumGc^]WUntnqK}yxEfk*/<ݶӂF~I\'[	FUOdZUX6\"ےqi5hlxb*):^?\r䗵}HB^#-=~/~zϊ|G\'n5kd]#Hl/w6uy+5Ħ(_//U^eZ-_uOy:ǃ4Lμb0+m4}FH~UoMO|Ur~\'k2^CcKx=JhRăU%^۫9{Q$j<=|Y]oCRO\rx͝t}(bW-`yE	+di7nbOեS9lJ<)^M״o{%]xLqO|\rS%b8k-3/̣*Y,&\Z*e;YJ*W|59N_xķ.x[^Qm?oTdYiFoi\\hZ_뚼v*[}w:mck*QgguiR\'u:B\'gDV?d[3|f~x^I_Q_z|g{Oj^[hP^]̷̱)lb\'OۿI~_A/[c-)\'6TZ׌5A\0ĻF0xr5L-7BUR>)\Z{~K<߈،/`?P`|jThi;Ba)ISs	aௌ߳m\'\'\Z|-K%w[\n[S\rvb5x$Dc\0]JӵR\Zw\'Ե	}1bx[[eO2mpƿ?=x□>2ֵC6βϗ>+t]*o__)Һ\ZK{m\r$.#4o3Yܟ쩾x\ZV7l֚7n$5[+;3VId`Ы(8OJGђ6Q[fq\'{YCO~3aP⬻	,^e%G4\"T\ZlbjhI}cT\ZEi}JLt@g1C-5xm> m:W?3jW-7f$l!r(X\0JJs<CIMΝ\\]i[Ig5ߎ˳lzDGw˕FF7I\'nC3usɯ8LxZبN?qQo~ݿ<4<<CNKi6sUkWM^\0}XH$\Z͒\\]!yK*90\'p{\n׮ռ9lHt\"\"TY7k}ky>\Z=}v5+1$#g\0p1_~$#Ziɺb@ZDzq׭z,<3Bm݋irY4M]ۥw\0?k#>WOJ\'\nv_⦭9~1<3?xU=5-KQ\ZRsFYk\'F27\nmF\0Uq}nC-G5QB;co̒F\\?<GCھSᾱi}\r^{gCMރ.fhm rT\0+:m*xrLoF[AUO6s7\\_}09f)ҏ;.j3j*Sm;.\0;+o~-ӭ+<f%Q_W:bnPfbLtC).j&[hx[隅O-*F2U95\0omK^վ|׺̋j\ZkImôU\0~ǅuIYm%W.R};A-I-av>|#͞Q	gdmΟ>>hUǊ5)Rb줽Y&N5=&o %.^N{d<M0T)4<\"Uڜiֳf׽pׁJwgX1x%0~5+tB)8].Y5K\nM4_-/Gí>xºVS٤\\麥围Vp\\*xգ3y\0\'X|Wg}W:u452.<Xh-|\"ytA}R}GנDn+!n/aKTK\"`\0N_~ѯ3Կ[ͼ6^1ӭO!@/xn~ӵAkXW5V1HkQ&1U*n1Kw9??],ejOK,UCZzUZ7j09h]ܩtBV\\\"ˀ)X0 ^CX|+̒Y!88{qymۣhnX6n騶zg\0OΥBm{H\0KϹ.~%/~D~&P\"7<\095ƛCBl5 o?˭--Z@Bf0	C3||Dgq]C\"v%Lf?ibI2HOZ_S}q&Hn|?	ͽy!o%Bːy3)!`+TZŨ{+ocMlVAslLyU*3 Ӝ\Zu/oIt>]Ï*_|-n4_ZëhWvŢ{}_s+xwd\0kxkw<6~Nx-,KdQ+*Aȃb&֭qMS׬};\0M\\Kkpp!kX!xw efoSwfP	xwB{K;NEIX+d4g\'sxofWW5JUiWe39ƫ^N˖k]yrLTIbWհmK]*iFTpV^m]Kw2pt\0KźWx]]٦Hnt%FVG	l |I㿇oqۥeh3x}<2//\'-\'uYؒRR ^_]6Z~w{.E@_x4Ȭm7ʎEztZ\0Z_$m{[->V\ZZZ瀮<\ro<z|	E/RW72#RKJ.Z^i܋rmxqx\'bqCSX\\jJ-YFIy8B1G:~=b4oiYj9ԵK/oT4պ̲smnmib4t?>+	hZ>ZN>)׆#ǨA4ooo~WյK[MOy x>=G~x_\r?S׼OX~0_fc7LZ^9<)}lą\Z?4Wh	YP>)~sWv82IW;]I	ty678o(ᾬ:uYUf̥u)-t{^xye+z\\^*xjV\Z+ZIG&m<Cpn2\0\Zl\ZǏxDu-JCj6Shi\"}GQQG6s֚T^ۯ\0?_ŷ job1,m[H^:^0-\r[XCyxp%*}E-_ڿe!]:w᷏/noo?_tQ-/<m?^,luX{B	8\02]G<1i׍\'[_sV>qw5ܐw>u9rZ~\\<iT_iv-ע	xGFY~%KZ8jؼ7\ZNsQn̛mҝ_rP\Zj02_j.a\0\\wm-6\\]JX2Ocxkǟ?g\0x<-?_Ä<[g:WOI跱I4ŭkڂ	ah\ZJe{yѿ\n>\"|%5[>1xN\0)_	x%~&k)iUN=#KOj}sOi*iGr?^O&C۪|C\'ƙ7\rSi|1aՓ~u{gv5~k\Zo/FUVgp+C\rU8Fg4`+Gk3y|˄YC+ +`)`4!N%3t0Syl:ωLi+6iV%>p ʵ`tQp=OEVj7ln?KL{\0|.KgMJ)gE7v_ٱ4.cmp\0P&I\"X&GEOB$:*\\+Z=9JڹE6ZCqU\\U\nxlQ⚧IJ<;*g~,0>A	p3y>Fk|Lv5_dQ38<9uAsYio؆Go3cj/*X\rJ)^Okk ?.ϹeOj:sA뺢\0Gsr4{h9_<5B$2GUJ\\\'jirJN[޻g{e|96eYp\"x)ʔaҍGe{[c$4\'[n4ݶw0JR/kZ\\7WJuNIpR`R>=|}KQAkFYuT𮩦\ZxϨKn\'\'a,9ω?.|)>|}\'%(uC.}}6[\05QhֵۙZk-#+>0VE޹j_+x7DV˛K|$ejwɟVR-гYՏC> _a,\r)Աxxi+]\\_\ZW\0p<e/5bqujeqxC<˖MYS\0Fi;͵΁>j/I[{`\"EڭU\\s_\r~>/{߈Zo	aԅdK\'\'~\ruA-xf+mB&	x5)ov(wt/I\"D7Pp]\"x1J\'xW3:m}*M^_<[\0F~/bc%Syuzx:	M\05GJnsqͫGS*e;<[[6M:!|9 =Gz7\nz>#Sϴ!=&xUlS5r;;3`uOxZտ&[,@V8ے(\'^Ae|nwZ{xw:IOEi&_LR +=C.T+ҩ_U)RR)]*u#ݸҔ%k\\\0+a.63`h,y\ZiQ˱5UέSJ2ͫiK>xsPƗgwy5o*d[i\";Tr$߁\Z/xB\0Ǌ~ľV[_Izq!PgkX[Sck)%~\ZQI_eG0jhrJqWOݕ_s|տlt/~*OVy\0O>sQm@LDdEfo?teV)=ջ#k֬`\\5hy7rk|gMwV~K]Wvw$kա2FKJ5D\0Lz׋NIAem5gmsj+u6t_M5okQJ-VmYA{f]:X,=	[݅9Pb}\Z/-i>a\"QrA (YV7Hؘ)_|z⿈\rO?OxFm\'#[4j\Z׺Ǌ5}v]\"Ś:q{y;\\[Cus=Uy湺յ-?L/*܋R36ie_*6#,+guoxǚw\Z^&>Ւkt_4\ZmѲ;..p[uI\n@~+>犦SR#>lF+wS\rKeyy[}g\rdiI఑e>*QU0B1pNܐ$%Rq>=#Ʒ|V|ozE%uy>W?[ol1~Tӯ&tgܲX2i?~\Z]h<\r?_trZ-5ossɮkz\0#ӭ5B\\4M>o}-Ο{-4x?m\Z=zTݖs8;Gs\\woy\\m(DStYeKN][3/uG]\"AHS*_8ƣ:]ߗnV/n.䑿;༻.iʷ,(֞\Z2OK`[|7Ho\0[ƼUc?JU%K<7Gk_Wᗌ|7U|)BƖ:o4fjv>-5qs\0\0hr;wRpim-d?m Y=49.kdw%IWhn9C\ZEF`F}\0V᎟)t\r[Z籽kYQmD%,7{f[iI~kvX\'<>\"VQ.cK!2:ȭwMuYF> T3¤3,\nJ1ޤQNuxR5%Vh)fs,ٖ,f_5,BI)^r]%M.OxK᷍g[R:{\\G3$6QE/rnYM3ܤP9zw|k<<co\0IekVgmM?/ м=C\rgRY;j5ۃ\\]3T1-dvdq^#wZgfxdLg5jZKmzmQ,-7K=&C\\6q8qdWUHὺUF2NVTܬմ?73	WgQ\'OMNQ1(ь^{\rQ\0XW_\0B<xu4\0flEޝXk6aD5h_OٯFd4OXhZPߥ\\Bti.l#l2gkqu}GIo__W+t˽RmBS[C\r\n±lS5ͽ̒HFt_է!://_Y}]j	\n[[\\k\"Xj7k!kw#n:fن{S,-*2JGN4ʩ&SqZ^\0Ep}<>),*`9V|\\ANlz!xGV\"X+AWQ%޿<,Mrl0$MCca\\:fsEov$;ˤKj,bf/{g#[ 햊0yO|L-H[Y-6m䒞aӴk^xd f@?	?|Mௌ><G&?^;Nq}oI@{ȵZ;R$Wv6rKIeʸ_xsqmbn;\'Q77Mǥ7̸;\0\\+<w=J/	^u>\Z5%IJZE>T>!^>-iYм|(Ol;B:W#\r\'sº|5c&m-4^i׼?;i^C9Ut}/|$E9Zt\0ٷƫ74%~/^~Ӿ%mP/\0ƕPڸO{$o-s\"{/0~6x\0^?ϋ$Ï\r|3b=޵h;chQI gF\"HUkRYFsW&#ו\0>\0M%VЦBL,\Z:KkK4CAo<wBu+uj>)[M4.徴\"K!k}6r:П3m<;/O7eMm?*/ko\0FK2_oG@Y7wz>|7r\0r1܉-FmokjWefCe}Z6E?\noO\r[O޻kGhڌ6mZo6\0(W!d)T\nNEY8*T`8_J$k~<y\0\Zf8Dq2<\'\0/pu)&{ONt{P[}6H!g<8Q%8^}\Z·Aq.ֶl6\'3	m_)@`r6-cF״}N[.[{Y<PDyrc{3~>kKWΚyr{cup\Z.Nӆr鮶ikxRˣQSQ%$t/Z><W\\2M-͓\\mwP\"@Hcvأf?A{{/Qī0]nT|o-\njgP2zHLckq8\'W\0quu+%ͦsFүILMnvEq8f@\\9>U<fm8#ciWty:նC>0{^7_rU IaA^uj)BQZj}[x~?uSƞ03.9t3Z*U,rh4>5̐emO0)_GϋhrZ]XfG:]*)!Z:9 E=JRVi[^^h\0iѨKqqQU|]M4qnuEgD5]\"\\\\[7P9[~jsއDu-JVwơ%/sz#D,2JrEzQvZզc^sLI0s6aTe3S%\0kĚi^7\r)8PusK\Zk\r⸏e>o	N-N*%)ƥ(h}eQ~-N,lUib#km,;;+7ygsK_}\rCגzu閗\ZeŽ:,_gaY1$?Z\n\05;_X+&kK8YavKws\rM7NJߝkZns^]=\0%`fyV1<T.|UM`\\]msXEȺ}9\ZyT$dR~qFZ1?cǙ.QN2̪Gޯ]sJU+s7;-U\0WOC¬?ݝTo-\\7ϲ̢I*xx)UE%Jte%kKS|aOgnw|\'Y7L]CZkO[uƿm$k+G;r?ßX|6< ԯQ|G.Mq46gw<wWSYj`l&.LYM>kO<%?`ޗ]OJVoNm<֣s\\Ke$//x;}7/\"\Z<\Z՝W^o$.k?t9-2K̟y\n\\n?;4Ք%Mԓ{TvZ;߂(eGGcͳ׋YUs͎\nxs<SweΕ:#2|TxK;-|-ct.㷻Җ\Z)ml\Z&2[E$%$\0b/c\0>P\\!Y~}sǧLbT-d>NF;g^|g\'b/L.4t׾>éFg:e͹Udk\\4\0\0lO/66zix_RcR׭-\Z	-[ʎ{4.Vf)-}.sfXXc #W:r+y[J8\'Ĺ\'y6qwӧ\ZyNFpxxߖJ9Q\"rIʬ=̏G	EZQ|Ao{ji|my}ɵX1,21H=ms{$V,|m+Fd#	\0 8V7a@g\\Cr\'|NoOVy8[6Η~&J[2WrWoB-3QQ&oqr-?biP,۵O\0jW4x\Z.u&.xk*0eAfe챹o,I{\Zzxu/}g;qM<\"GqK^T%JcF4o˞JxK08ݻ6o`f>=Kx¯%nѴ֗tݧ$pjG(EB\"X)	R$^b21!¨\rYܒ0wt	%OsxC%^eruɹ{{|A{/+l|Q%|kUdӢRrJy=c&Ns_3LoUR(K7[Ws-gUmcx·^ӭ>\'x\Zm^k\\/<cc\Z]2{/`	gXgÖ=M`>_x<,Ri~*kM3o~%gn+L7_\\oπ?ْ]GE|H}}+՘4ڑ|eg~5NQkw|v\"hhbw$&hXnT_/eqy\\9+sAԷ+^*WC<q_9ˣKºX:\\쩬UUJqIm~HADrY, Դ:M-DXԭlͽŎck+YivdiP\nĸS|++OӍAj:=na,izt\nw[\'x̱/2H[J|kd^on\"\\:jh!ȻњA5JdVNdڟ.xx\0ٵgDy!NS:TofmYb&7)V3?cQx첄[C!6M)\"ӕZ+0،.i`2\\x,-	TQ8Qӿ̷Q5N~!<#޴xZO	m,Y7!x瑝E~H~ٟ=F[\ni_ CbV=OknR6hj[	|RcK<4#lgE&E/1ghe{}>\rJ=bѣ|h?Wƿ>!O\0\rEnImq^ϙc<=o_6<lt6[UD|_pl>yX<0֒WiJ3Jg֚a:3ʋJxZѥ<\'U\ZI)cTEvdԖUe`|#=B3yA5*$%\r=suZ闓\\-E卜4 gE*ʊgʡ^>ռQ|gtMn-1Ic2\0@B\'Vwf5G0JiFIJڧM{z\06Pp\'2V/Ս5Rq(ӒunOUecGM[V|OMBM脏$,lL$qE3HXb/\0Yҿg>7mKP␤Z=ȳԴciz}@d\'<5.@\rfկcG𶒢GgN`ԭLq\'yH#g~(wƿuMxB<?#Yj,Μc6e4E0D+J72[RujbwKwev~[Dg%R[+N\r97O<.Fij Ѿ>94=VEJm:KHgtOD@)Es\nN2x{WBqf{;[4kxgÎ%dQQV.j--Ŵ[Im?!9c̱V\\˙ۯ^ga_	GǦi#O6\ZaG%y&u2Z_Ԫ _20_\0xfm%th^/6Z~?jkX-$\rn//-i>\0l$6\Z{Xn&+Vsk7ɱG¯_6.ME.\'[ӮYmmL9wJ&XA>K3\\*ZxUM5W0QNX$k3)ÜC\\M\n2!3Ӌwbi{BJ&34o\0*pg|Ҍ\0w?76c&Y=iߋ<[kX1G{3O,IKMVhIvWɿO>R_k\Z~eSMZEuepȉ=[f(e\0G/$kR\0Jѵ-n;OCvIsu~?ؖRN\0WQi6?%Bh=%4.[.XpOm%]\0pS\rL/\0r׆3=ޒ,f]ͥⵍk[<^ W9%MBO[`Z8k)-<9e)Έ\'Z3ӼUMN8QᏂk;Unkmjufіt}2Ƚ:C돃|7Toe+]%<KX_[Z.m=3ZowudwlGrVVy\'7?|\\&xMoiNnfԴ]%mY)8K$ӅV~%\Z],vaN,x|4\ZgkZQ徜_x-3n	*ӆcJxu,v\"<DTRT6Rm^=n5Xۿk^-\".M}Ev4PٽDQ8躴jZwMO+MY3aa|M$-\',,.>\'9z\rJHnWtK=F]ZOݝ&Vl..lmmN_\'=Mae{<5m\Z;Ҡ-\Z~=aggd4m2\r/A};K=ޝ<9u|,V/RЕ\'O\nSndէ}u_ĞwÙN\"m0߈RKx<-TQX\Z<Ua?jzή5kMo`[{{MWU[ckqwgo(Xm#h\'񧴻6\0?Ň#;k\nO>-g/t;MdS@2ivG\r\05H;fj~UXkK)./`ƻ>fT,\0Ȟ\"/.h,S\ZUV`Z<v+uZ^j7QW2N\'q:\\**oQ&촋h|qLvƜ0ƞoRo\rNQVVRe}\0Sxo[EukR5G\rޙ$2 1Kk|\"Y.;}+Oi6wό-i,z:Ni>c.Ǜ%cr#$E\0&Ҵ1)kjX5e}H/\rq  T>:l?{sjZ強~e]i(Lv6lO1$3{+?xu&b+BH\\/w{WSmrWyP,O?(xSZn;)#<=sX]T5M[XGKH)|/|yesn\ZNogC{ipVַq=k\"|\\*?[ƿEMK±i<2[yK:uVC2MnlVU]X<\nw<K]SsY:<C,of\ZP0yq**1|JSOys\'oj<JQOCdfQZriM¥\\SYf\",NtNj)ŝUJm}V[i~7tH2ZܽҤF=(YO\rG>d\0+׷7W]O{ګ4H#x-\'uXR?DoxGKN-㸖I,јDtXF	\'_.}.fm3_OhmLŒQn5k5&G*<Q o0+Tz߿%u\'Mʚן;jߩ	pUrdiS4C)ՕLIIp-o4S}Ӵb|?|{yqjQZjVND\rB0ߏ/NEfw>}Ρ-7y?W5\rkVV]^Z8H-kg`Px[Կ>8Y/et-B(Zcs5[KRiڜ&0Xw`v5x-WxFo#Ŗ#5fHq\ZMɢǧ$q-3JO/gTFpxzx΋Y\ZR-Q0ҵJ4p~\"	V~YS̰,:jZ56zsω+sm|ZG~llgܫrl!1û-QIp6\\h#E泧{}m\rkgQߩɧ>OKxY\"4q|$>-K]Io|Gjz\r{^jkϯxS2h?gMOG\0C$My>\'֚O4}>Y(Ңdb%eOd50|b0ʝ[ZJ1i.X6uT/F~`bps|c|,Z_$uۗ½F?N\0η>#H+=OG]aqhz|.q5Hfi~xkPEooi-]h~ԧѮ Ǉ3J]j7%hߟ\nx#V1٭շ/~>24<7\\C\',ݝi.\r!K	j<a){+NzG0u\r&yꖗP_=t!K9d|.u_/\"I4ԕvi٦籛ʕlckBSR,U+v_O\rx?F:F^Ei847,2L\ZqszJ]	\\\\gl~!\'iá|VC{xsO\\OX-[I-ܫng1,, R$.et|cdg&k5K?YR~`ei\'x+OVWm>k75|Kw?*BXj/4kHY꯯IX[\\5+%GH;D~_/|kOv6ޏ_j_~x]^hyk3hCmܷ~6?i=7Wv;Ꮘ-\Ze՜w+ws:賽ޯ}mk\\i¿jx6m;@|me>:NmD\Z&}:F[pn.n5=*]>iRob5a<IpƜo\rfxS5s<8E*eM~wLdS(Eg+b7\0w.KuRPZ澼NV>>{Gm.BDxïe`oY[a,QJ\0u\\\ZО=bK)ܛ߰m=D06 R~7o t=Nea|,V	9!78qRmOC_|Kgj\Z$7זZFqCu-\0g=WTZ|3txj*GZBk޵SZ4句oCC$̱.<Qc*U\\uaI+J||.힣ͣkڔ6t؏&$?k-un#O\Z\0+\"iom<Ck}y<;nWΟZci5\\TWI9>mm*M,kqv>rok5Oە /@%exs?/)|#xvlV;^okrY@terh[Vs{\n~ZPx5Ntٻr{yWCp.3ľ#:41%΍l.Mҧ\'Btfܜ\"5\0>i?ޠl\Z}7KyxGmzaz[ Kgy\'4??.x+×>;g/WzPIh:\r-8u{KCtWV(h$Mx3Þ3<I}k_(捭pO6.Gq.k<2IM.w,h}@!)cwO\0t VW\'lnm}Ս<rY5\r4[\\#GyYN+N8ajUg+Tp\\}*P-忡Òqe8\ZxY~3839}¹G.VӬZ8Ujԍ5\'&^}M-n`Q@ȲV;EoV\'8u/=J{iNDU`0z\n>)6ӡ[KX IRܻ<of9AyoJ\0q!>>emP[JKK+YD~d r=G`|4c_Nc9SVQir斚|GsǹvQy,dӭZeeV+(ɳ\nqCN|e{5҄0hv9xzgi\\ǩYҵˋy7ohBѣ^&X?f<ɟQQ>=j1sihuSV($k?o\05U,5?ʰ30#bR^diBq3}FG%0Oݾ*\"NE{G޺՟ΜU^-1Y~\Z1^x_\'F.Uʜԃ=t?g9&^KtdM2;}f+ū#$34\0wD?:,~\"g-Gj6;UfLyH_ʷO_W_\Z<O?k|UqiOscqi;-:qgayelഏ\0OcZ)/HyRMYt[nYԕFrJcubn\"W)ԥF*X\Z/MxII9vo/gv?s\\kxזuq\re:2iRr^3(u~k1鷆vmFQwL`嬈\rGpFyJӏɟ(ſZgb]tl<5={MmhmuB&kw\0_D/ĵ@\"\Z;mn_h[ޟ\"KLINҭ~m+f\r1𦽡kZu7ou֮ѢZG\r-<BFGݎؚ6<-,^U=J_4(Z8m[]ik?a3+ag,N_-87RTjF\Z6ǨxOZAw6\rm\0GIQe6u[xtBV mL?5Ɠo߅~ tC\\u袹nȐM<Y^8Ps)eY	\Z5¿m5}#Q\0uMrnTyGKe(f?;/\Z~k}ehd#(ǋuwpR?ie10\0./+},tpu+xgQ\nJxpcojKZxSi{ⳜhuaK(VIAԌqюM5orR?[?h|f(.|I.zw<,v季JlSGVvqYMɫA,Y]񮖭&Bfw9.XbE,r#7J5\0	4+|BMR[x/n5-){=?>\r񵮄\"Kv>eX_>>>iHx:krx6œO\ZG.nmԃwfWpx|3	\ZX(>YNNynb))Qonw2 ̪*?i{Aտ4Ze{ɮX0gW#>Hºus\Z׆-FK}ZĞuȒEh٦gtx\07[\0MG[Ѥ:e{s[}Su\\_\Zuvgiw|<\rt?\r|Q6k_xcĚiޝ[MUum[	a-Y$&GoekI[LV5-xO<w-̺{j外;k]WĠBInt]F8Z_N()ԂJ?ĕۺF\np?W1zqu%\'$k<Mjg*Kxk:Ug}\\\\^;ۥ\r^2|E4DѠ\0\rrG[6ahѽĶf9-,.I!h\"L)^avo_ՙ!7j+++_sOӬ~/k_mk8t*:ڗT[bZYEktUv606e/|YRk^>vpO}ur<i~/#Ѿ\ZԢe=?źEÿ#PN:Zt]ŴV\"i~O}Xy=&5\'Y.tXoq-GGu5_6:%o4f.lM@omK[ \nL>_VwXIYe\\p*3>SZUF\ZJ5U~zs[SbjFS9FVN.i/zhtxwˠ]x~.\Z$~w,޵Z|<M\"[thm-cY&o\0hU<U#Y Ji>(-iC^jlM-\0hiڟ{K}wU:wl-WR\0Z+ɭ}CNё\n[[S٤]V\0Y{-|\'kX4xE,47ڃ5ơ`OD\ZLֶYt-Bzi21:Xa1)Y~\ZsRKtй>T)TsUG7燲hݮRC9Hu&?zȶ.;\ZA#anp>[[j:7ΛKynֺ\\i[At-[N kKy C2?Ck\rF4_;Nռm7Wqmcm:u]fNIHbEJw_ēj(s߭E-ss$}y\n#o:tV\"AK#\0$~WW 3Hf*G(XN:BJ\\ڣl,E	pJ*?Q̱\\5G	S&ʯRc3SQ.jq\Zcm__4Y}]rAiu$}J_f$QM;:#Zf_Os/4o^hΏK#s}gm>svL\n[m1?7<3Q\rχơehBm^k{$f9\"n~x|߶\n@t[Y֐1i-[QP\0(ro&SxKB2ٷ	ʤ]ZJT.SZ1\0pO<jʎmaFpw7hӥ*U-eN\n\nL}V\"yyHDWUp)Ns!1E|	Rq3bx.dmo0\0q=_fX\'hUO3̑fl\"݅_|sk\Z򛇚A!J\"L7+.>M\'8\'ixU9UN$~&uy7<8xSAe/ץV	&۔҃c&vK:Os[ftĚM\0ea?E?x)04R9+*K;w3Tc97I^C־4[q{g!CX%kqď%;)HMrb?1煼uc}%u\rGPD_ۖ1<	3HG5	WAƶ4凔d\'ҌڳGI5 pωIC\nxe|zefuja3:Qj1sO$b|bOO;%ub5y5kP-|A8/Y/}\"jJ7鳬S?,u_ <Io㛛ox.M2[\0xJ[{_xiu;=kt=k^ٹ<lX$3%ݧc	K kmv\'C)I`XAG|%omJ4)>Ͳ-ig63]%۠7QO%Kc)b΂fJRoX8.$68JX?\"Erѡ^%,Zp[vҍ_^$?S:νϥC%7)2im0pkoE\rYL^\\MxC\ZvW\ZuƓǧ3[i[ˡqki:\\i-ĖVv[{Xb,\ni^;Wz΁eZUkIƣKcoof\\ -^\Z+6Ķv~7Z׷:tCs\no[?OW:px^Of/fQ-+]ު~f2)q;dyt+N2\Z*xF)i)F.:1Z)NnϘ&$z-/Ox^xbU`[YŴ#{K-Kc$r~a5/B/4}K0g[_5{~VO\0i\nX>%>g?I=iv\0~֏}4/xz}Xu^V\nY~kΡ\r^{e៉}qaZRKoǭ_hzZUx_Wom↲Ǉ2eTժ˖K*Yһv姭;^GG\'Sڒp^Xʵ\\scY|n*EtE˚J\0	$\r{T[dAmeG\n[[MZ|54\0o?9,־E|<E᫉-.Y֑os,pZ(D1cX__)]eO>&i℗*ѡ?b5+{Klumz}K@EmV/.jkWZTz^so?ě?hRj^>ۃ6RM)5(Oj1pi_ Z\Za<S\Zh(/%_|2xҏpK?iץMF.8CcQ\"9Fq\\j_GxlYW\nUJM%ѷ[j^?4?n_k]h>&ѵxJЭ&/zĖ$:\'$m1tE/t㺆=B8mޡ-g@}\Z\0Zou_ux/44?hl5_6n<;ei{gn|9\05L<C5V>\'ݽ3?aFj7Zb/U_Ca{!gMO~!󴩒_~|u$ִ-^Mr\rk\0ͨjVچI\0kei(u*]_BM~qx9:s<5Z9UZ<\\XNWZo7RV17$){L-Xʜ%7یetѝ|y]+[kİ[F5iyZŦmuCG%w\ZRfo(O.;x\'Ou}K?_\ZxoSOm\Z	O|U^\\0h~7۬n#*kiNI>I%4}sjrJN+rFۣ?xlCRw}CH\'I{\"k?G5cT.7QoCiKve{^nakE<]x񖑥Y~\"h{O[oKx.I~&R)va\n|\'*%߉.|SxWLτ;G+ٯ?`b]T0^ [\ZQ$:)ldFo:!xힿ*>}oO\0%GӖe%=kQ-\"TX\0ܻ-|?-ӥ5~g:\\0Sa\n3qqk5\'*eʪ\'vW`8c)pcFQΜ\nF~j.ͨxeύݚS/ccfm6>OlrKNKM;DE.>0h\0\0g\0|5źMm\"3]j;8{+VFi%2]N[tXu-Fa7i7u/4M\"w]\nt}O_Ҽa\0hWLu6S\\L[;h=?>0jƙ3i/MTjz]ڴ5[T\Z^-фQ\nxcqMl5\nF\Z^q_\rF/a%dJbܥ̭wefnkG:v)2J^7oy+?j\0ޟ/:8֖[Y}Dơ}\nlt:ׇ^T-1#׎	jO\"/-O0rwE$WVHτ/cy>\r3SX]/RյNnD^d޺\"M퍾&>3ge?׆+X\rVÿ>\Zk1\",Ou-Xx-\'m-eHe>(6)O8BU\Z6p؊vU)Vmh?uaE)fSKFup/:ب\'9aECu8)?Ծ\ZFۤRF	v/gZ\0b,B2<	ۦKZ>KŴ\rr[ςVBx㞃آԥԯ.M:;&K6(U9|\'=+0Jc1X<F\'8Fwr6h=$W<V\')U\\p<ORی E{_kQ\rs)=t=<jy/=!4yWb6I8~-xųXg,K\"xTQ,A<69Y>(xkZZn;[IʠAiwhCH\\GX閪i.PHbeZФaSOdVSX+^1C-,FW8IZqBxzS.=jg+rY];N5;;\r+j;uf\Z/\\D9lDn\'KxfQƥ.mվWcfPI[]:llhkMm{xOGuZ^a+9-,c-o-g]fQ5cdڈ-զ3LD, 5M~٧)bbRiIOuib9֊ZTqU#Nvj2jt\\3Z-Zt^yu!c0%i!3d 7NE&ռ6:1Z_:OFȗPXf vL`~}xwMfolLC^%\'pH]Ht]j}3B|7[߻w-5Ԡ,.Zl/gRewKؤ.Dq!kvWO䙿qU~[j\0~¿H8;#ax<+JY,#KZ\0p-=ƿ?Zԑ\r\'zc^?E|o-%[/nf9m^?z[iW=kMg/5X4Zw4;\rv|5Ʃ5֙iIaDqKخ3s_/dM+6\Zmťv u}n	#EŊ}oeY捏>\"\0to\ZxbL>YkM;G晪KfIgm ky!PV.ya*.*cvQy=ݬf33Fkȱb2iCغ\0h7\r#&~x6E\r\0Ǧ\\izTޗޗ<?xOPM2Q5B\ZR[u[	ҡWMFa]#>,hi\0c,-\ZesߋGoZv\Zsn{F7KUNo?<w}v][\'Xm?5>y\Z\Z|A>\ZkwWV|kiYx;ſ#kKUq$KMFY4OHԬ._JұM,d)T:hZ|M[_պ|n{OV\Z0m){R啹\Z[^5x_ǎ|W*|&%Ʊ;lt;\Zɪ,WV>4k^szCy`mk,o\rb{3Pg\'W:w!+<\r+M|h^\0Zi\ZAo/ޥK/Ϥ=wv:##0@MNo],Fj?`źZ\ZߴMj{Ox?Xk^j\rs-Vsf\0U>5	}:\0\ZT+9Pr(8֯;[Ky[RUPUl%U~0s3GſCoqzZ˥m\ZMl:\r_]v\Z;GKlx3tӞ _uiÚ|4s7|qP񯆬?̶O$zΜǉ<c-O*.U4(~j67+^[+vi<LX[v3YOuQZi- ~Z\0<3K,M&&Kij:-kzLM_[XiWln_STlg\nhǖ2MғJrT׳qxzu\Z`b.\n>ڟvJ3vKGs\0;ҵڻ>\'>Ox֚]ރjW^|]ؚ5Uׯ4%L5=\'LRW?c/>\0\'Hgx3\rixF&iO:-.4Z-(DMk,iv+\\D$U&T9IK[NyЯNPV\'(M\'(rgotmGާ=#3x#G?TԬO\ZB\Z^w8[!5(glg&vrMO@B|\nqCc.EީM&[X\'-]-漒U纞/,`9\'\'|M>\"x^Q~jZuK?Hy;6{sW\rއ^iB/{F778>⿎+gVl:Ζm}eux6ExsYh:+{{)O~\ZUh®&JڵSKj55_dnENx&?YJaV؉w(o\\k)\\.WVW6׷.3ND-ϗ?.c]{uZk>)<oO]\'VKlmK4(uU/-$Fu\rnMZiV&k+w{3qO߅zd:/-e>0\'\Zۣ:4-/ӆ2jcQ\rkRկh9A7qh:\0=?/\rS>P(m_i&[Nrh֭u}wK^4zrj0|;vw築ee	R:JVwi/{~\rQ-Ҏ/%2h:\"Py,ӯ\"/ Uo/B{e,0Xx\'ycDx\0\\Uc%׈-%pgZʗ2?/ZǿÞ$ю5冇mڶ}ike1YE^qs46~E$ߔ~5hτ>*<~L5ދk+VM_&mw@ZzsO=3D@n,olc5^t_eYVe2V\\,^U\\EHTB+^x*jܾd~>Xl\\12EHƍL5W+Sr|QW?0<C[ÝbWO~ZyY\"RpZ	$5k5ōY]v~&nu]*XLOm^\"Iȼ/	R0o^?(A+tNՖ\rN$滩k&ҥ5kws\rgM<xN-׷Oz	~~5x=&mJS%xbMFe,:^I*`bTs@/)c^=\'TF[C&aq0	,&;.OBۧ^%7$Rrkw~zǂ4hQcۛk_\ZS]Lfu*6z\"ĨDLޑog^]%ե܍[ꖺ~\rI4,l.]$2}\05}_\0|iu-Rdִ[B9/i\n\rf3m{\\Ob uLr4W|[<jZl|#iƟ|?X~.B^{[Cta-cn.-4OqV]S;0كT+9{*qG\rSZ/Qw)ђ*RWnu lvmY\'ʟ\r.\0I^tIJ,5&#gp岼I#i[̒?c|Sx\0	^>f𷈯]U->kw(-\rL]F\0O\ZjQh67\r-#?/4صc\rZZ+\n;[YX}~j^gݏ5\0^]^[}8|@|\'\ZxjIo\ZG%xCQ[O{+\'N ]O׭Rգ:ZөUu5nݫ|)FF~뵰RIYQ%-7̴-u}Y|5hI_ũj4мm_\n]fS}qj~x8F\'Fw~y{pniφ|V>n-.uZ8|k7׺FYxeOwiqiĿ~1UkV)|Gw\0ѵH2{MNk׺.;E>\\iWR<\Zs-+GK/\0mS_ǈBDn?>VOOAim\0\\WQrST/wM4[tr8CHӅy	*umM;?}6>/?-]i\0gό1Zjip9<XEiCq%i6<-qtD⾺A{\0^h/ZΗispjvjK;kȣdd\0Ku{+y;+kkQwo~[|T֫|O~\rz\'_?!\"[YSX w5[uOYZth>	Y!:_uNwzo>/~ƕc{kE障w\Z[6+^KNM.]S|m:3QП>?>[_ϙ>+?%1Ua-f\rOy5\'/vڧMAG6ᎩKSQ{+ė>\00g4d%h׬ŮYj>~%|PY7>o#/i]KO`Wh>0H,x}VЭp=Տ\0u]j~=C_v=>7)Ʃ7`kj8m6e-4VKOO\n~/Y)IZ|Du7Ŷ)?<c\r7M\0Rj\Z}ZMMwS״ҬE\nUQJS.4yofҵkaNUqtgoX-ӿkhRҼq\rwL񶉫:n|!ϨxH_h4~jڮM5xrI<3u&65|6wDx~!ýYܚ}[mr]55_i:ƍsyzt{X=Gחip5\0٣ᾕ	Ҿ3|&_[6x7\Z=g]K;M/Vmi6o+5swwpz:\'>Wm=fDý_~1m\Z\'m_QhrPPR՛:wu\Zj咕uk%OS?ؾ/.|~5][sT44\"i2I\0=L|oZEƓ~&\rk:N$m?_\Zv}?xOυ#xK]{ſ\n|_Mi:4V\0\0\Zh懥jwOSV_\0|A\ZhW&t\0ڟ躎i7e?5+zm_-\nKOh~?~|T|d߉Slb-G-Cַzm`Sko=~ҍ\nҩZz;6V׷5^#A|(J\\hNv=S~WJt\0>!|{uux/V+KMցCB<94ҵox?KX[WvԬo\'Ǉ#~>㏌|Kt|Z٥6Zx%GyQ|<.?c5}2hі2_wˌq|*앺߯ʬ&\Z~R)ssI]kY-)>=bT`XQ	$p|pIK[K=o^	BPK	SW893OiZ]n\r6{mDl5H(JlEUJWo!n{[TKki<)zI-C\'|46y%)]Ii#ؖE ``1?O\0֟oÑkywl$7Aoq4!|E.5geGtR!pZ&y\'/FmEIPo[Ygbn<d;\0O\0?8\0C,D\0\05`%V̴Av>ahGF&bu}=$CsxbU>}QČ+S\0\0*\0~gʟ|0?vPg5K/*\\HȱZHb1(oKi|ٟD/A>k{} &s*\"cMW/e\01\0Ǉ\0tτhYaFEY.MkNkP\ZF<jڦ3%A$7N*3Z7\Z77a[Ve\ZgnEmŵ0wJ+\0>?\0n0S}:Kkl#>\r;AK7㗅4:..4)-YΚTQi?/eҢLX\0i6RRYQxڼzeOUSK([&7%R2\0¡\0)g_\0^KG?&~\ZjOwWڂkKw7IT]jl\\j7	˻ǿ^g7Դl-SD?n	mgo\'\Z(iYւ-:dIXopd\0?x;:\rO_gsPѴbV^vsm-cU;}uYb \r_\ni:o?HuX⟀\0o@BטͻWn42}\"P7i2٤/inєW_\0\0G__\0t\0Pm\rSYocCfFEo0G|,\r#\'HcW{˸hknbտd7sʗZݯ?h^PV\\j6=,:sck,E|\']ZƥbjWR}^<	{}uuJHt*\0%徙^\\Xյ\rĨ\0*ž+G>~5\0xnOXuq럳hm+Thv\0۷l?墊g\0Q1\0g\0`GC]_usw>x~źzqoLd\Z\r3O^5nk+$]_X5\'5(_=',23);
/*!40000 ALTER TABLE `taufik_barang` ENABLE KEYS */;
UNLOCK TABLES;

--
-- Table structure for table `taufik_customer`
--

DROP TABLE IF EXISTS `taufik_customer`;
/*!40101 SET @saved_cs_client     = @@character_set_client */;
/*!40101 SET character_set_client = utf8 */;
CREATE TABLE `taufik_customer` (
  `id_cust` int(2) NOT NULL,
  `nama` varchar(25) DEFAULT NULL,
  `alamat` varchar(50) DEFAULT NULL,
  `tgl_lahir` date DEFAULT NULL,
  `bio` varchar(100) DEFAULT NULL,
  PRIMARY KEY (`id_cust`),
  CONSTRAINT `taufik_customer_ibfk_1` FOREIGN KEY (`id_cust`) REFERENCES `taufik_user` (`id_user`),
  CONSTRAINT `taufik_customer_ibfk_2` FOREIGN KEY (`id_cust`) REFERENCES `taufik_user` (`id_user`)
) ENGINE=InnoDB DEFAULT CHARSET=utf8mb4;
/*!40101 SET character_set_client = @saved_cs_client */;

--
-- Dumping data for table `taufik_customer`
--

LOCK TABLES `taufik_customer` WRITE;
/*!40000 ALTER TABLE `taufik_customer` DISABLE KEYS */;
INSERT INTO `taufik_customer` VALUES (2,'Taufik Hidayah','Kp Tegalame','2000-09-24','Saya adalah seorang mahasiswa UNIBI angkatan\n19. '),(6,'Abdul Rohman','Kp Sukasirna','2000-12-12','Saya adalah pengembara...');
/*!40000 ALTER TABLE `taufik_customer` ENABLE KEYS */;
UNLOCK TABLES;

--
-- Table structure for table `taufik_pembayaran`
--

DROP TABLE IF EXISTS `taufik_pembayaran`;
/*!40101 SET @saved_cs_client     = @@character_set_client */;
/*!40101 SET character_set_client = utf8 */;
CREATE TABLE `taufik_pembayaran` (
  `id_pemb` int(3) NOT NULL AUTO_INCREMENT,
  `id_barang` int(3) NOT NULL,
  `id_cust` int(2) DEFAULT NULL,
  `id_seller` int(2) DEFAULT NULL,
  `total_bayar` int(10) NOT NULL,
  `tgl_bayar` date DEFAULT NULL,
  PRIMARY KEY (`id_pemb`),
  KEY `id_barang` (`id_barang`),
  KEY `id_cust` (`id_cust`),
  KEY `id_seller` (`id_seller`),
  CONSTRAINT `taufik_pembayaran_ibfk_2` FOREIGN KEY (`id_cust`) REFERENCES `taufik_customer` (`id_cust`),
  CONSTRAINT `taufik_pembayaran_ibfk_3` FOREIGN KEY (`id_seller`) REFERENCES `taufik_seller` (`id_seller`),
  CONSTRAINT `taufik_pembayaran_ibfk_4` FOREIGN KEY (`id_barang`) REFERENCES `taufik_barang` (`id_barang`),
  CONSTRAINT `taufik_pembayaran_ibfk_5` FOREIGN KEY (`id_cust`) REFERENCES `taufik_customer` (`id_cust`),
  CONSTRAINT `taufik_pembayaran_ibfk_6` FOREIGN KEY (`id_seller`) REFERENCES `taufik_seller` (`id_seller`)
) ENGINE=InnoDB AUTO_INCREMENT=8 DEFAULT CHARSET=utf8mb4;
/*!40101 SET character_set_client = @saved_cs_client */;

--
-- Dumping data for table `taufik_pembayaran`
--

LOCK TABLES `taufik_pembayaran` WRITE;
/*!40000 ALTER TABLE `taufik_pembayaran` DISABLE KEYS */;
INSERT INTO `taufik_pembayaran` VALUES (3,7,2,3,17500,'2021-07-01'),(4,8,2,3,24000,'2021-07-01'),(5,8,6,3,16000,'2021-07-02'),(6,13,6,5,112000,'2021-07-02'),(7,8,2,3,12000,'2021-07-02');
/*!40000 ALTER TABLE `taufik_pembayaran` ENABLE KEYS */;
UNLOCK TABLES;

--
-- Table structure for table `taufik_seller`
--

DROP TABLE IF EXISTS `taufik_seller`;
/*!40101 SET @saved_cs_client     = @@character_set_client */;
/*!40101 SET character_set_client = utf8 */;
CREATE TABLE `taufik_seller` (
  `id_seller` int(2) NOT NULL,
  `nama` varchar(25) DEFAULT NULL,
  `alamat` varchar(50) DEFAULT NULL,
  `tgl_lahir` date DEFAULT NULL,
  `bio` varchar(100) DEFAULT NULL,
  `member_since` date DEFAULT NULL,
  PRIMARY KEY (`id_seller`),
  CONSTRAINT `taufik_seller_ibfk_1` FOREIGN KEY (`id_seller`) REFERENCES `taufik_user` (`id_user`),
  CONSTRAINT `taufik_seller_ibfk_2` FOREIGN KEY (`id_seller`) REFERENCES `taufik_user` (`id_user`)
) ENGINE=InnoDB DEFAULT CHARSET=utf8mb4;
/*!40101 SET character_set_client = @saved_cs_client */;

--
-- Dumping data for table `taufik_seller`
--

LOCK TABLES `taufik_seller` WRITE;
/*!40000 ALTER TABLE `taufik_seller` DISABLE KEYS */;
INSERT INTO `taufik_seller` VALUES (3,'Adin Ajahh','Kp Baru','1993-09-25','Saya seller disini :(','2021-07-01'),(5,'Rindi Mulyadi','Kp Tegalame','1999-05-19','Saya adalah seller terbaik se keluarga :v','2021-07-02');
/*!40000 ALTER TABLE `taufik_seller` ENABLE KEYS */;
UNLOCK TABLES;

--
-- Table structure for table `taufik_trolli`
--

DROP TABLE IF EXISTS `taufik_trolli`;
/*!40101 SET @saved_cs_client     = @@character_set_client */;
/*!40101 SET character_set_client = utf8 */;
CREATE TABLE `taufik_trolli` (
  `id_trolli` int(3) NOT NULL AUTO_INCREMENT,
  `id_cust` int(2) DEFAULT NULL,
  `id_barang` int(3) DEFAULT NULL,
  `jumlah` int(6) DEFAULT NULL,
  PRIMARY KEY (`id_trolli`),
  KEY `id_cust` (`id_cust`),
  KEY `id_barang` (`id_barang`),
  CONSTRAINT `taufik_trolli_ibfk_1` FOREIGN KEY (`id_cust`) REFERENCES `taufik_customer` (`id_cust`),
  CONSTRAINT `taufik_trolli_ibfk_2` FOREIGN KEY (`id_barang`) REFERENCES `taufik_barang` (`id_barang`)
) ENGINE=InnoDB AUTO_INCREMENT=9 DEFAULT CHARSET=utf8mb4;
/*!40101 SET character_set_client = @saved_cs_client */;

--
-- Dumping data for table `taufik_trolli`
--

LOCK TABLES `taufik_trolli` WRITE;
/*!40000 ALTER TABLE `taufik_trolli` DISABLE KEYS */;
INSERT INTO `taufik_trolli` VALUES (3,2,7,5),(8,2,14,10);
/*!40000 ALTER TABLE `taufik_trolli` ENABLE KEYS */;
UNLOCK TABLES;

--
-- Table structure for table `taufik_user`
--

DROP TABLE IF EXISTS `taufik_user`;
/*!40101 SET @saved_cs_client     = @@character_set_client */;
/*!40101 SET character_set_client = utf8 */;
CREATE TABLE `taufik_user` (
  `id_user` int(2) NOT NULL AUTO_INCREMENT,
  `username` varchar(30) DEFAULT NULL,
  `password` varchar(25) DEFAULT NULL,
  `level` varchar(8) DEFAULT NULL,
  PRIMARY KEY (`id_user`)
) ENGINE=InnoDB AUTO_INCREMENT=8 DEFAULT CHARSET=utf8mb4;
/*!40101 SET character_set_client = @saved_cs_client */;

--
-- Dumping data for table `taufik_user`
--

LOCK TABLES `taufik_user` WRITE;
/*!40000 ALTER TABLE `taufik_user` DISABLE KEYS */;
INSERT INTO `taufik_user` VALUES (1,'admin','admin','admin'),(2,'taufik','1234','customer'),(3,'adin','adin','seller'),(4,'paldi','1234','customer'),(5,'rindi','rindi','seller'),(6,'abdul','abdul','customer'),(7,'jack','jack','seller');
/*!40000 ALTER TABLE `taufik_user` ENABLE KEYS */;
UNLOCK TABLES;
/*!40103 SET TIME_ZONE=@OLD_TIME_ZONE */;

/*!40101 SET SQL_MODE=@OLD_SQL_MODE */;
/*!40014 SET FOREIGN_KEY_CHECKS=@OLD_FOREIGN_KEY_CHECKS */;
/*!40014 SET UNIQUE_CHECKS=@OLD_UNIQUE_CHECKS */;
/*!40101 SET CHARACTER_SET_CLIENT=@OLD_CHARACTER_SET_CLIENT */;
/*!40101 SET CHARACTER_SET_RESULTS=@OLD_CHARACTER_SET_RESULTS */;
/*!40101 SET COLLATION_CONNECTION=@OLD_COLLATION_CONNECTION */;
/*!40111 SET SQL_NOTES=@OLD_SQL_NOTES */;

-- Dump completed on 2021-07-02 20:49:15
